codigo_neg;codigo_negociado;codigo_negociado_norm;codigo_cum;codigo_cum_norm;cantidad_total_1;cantidad_parcial_1;cantidad_pendiente_1;total_entregado_total;total_entregado_parcial;total_pendiente;matched_rows_per_source
118124;118124;118124;;;;;;0;0;0;{'1': []}
112255;112255;112255;;;;;;0;0;0;{'1': []}
112328;112328;112328;;;;;;0;0;0;{'1': []}
107837;107837;107837;;;157;30;;157;30;0;{'1': [4416, 297, 2540, 2702, 4657, 3730, 1335]}
168693;168693;168693;;;;;;0;0;0;{'1': []}
0;0;0;;;;;;0;0;0;{'1': []}
402007;402007;402007;;;120;240;;120;240;0;{'1': [3527, 3275, 1487, 1455, 3280, 309, 3963, 732, 1054, 2687]}
P01BD5113C01;P01BD5113C01;P01BD5113C01;;;;;;0;0;0;{'1': []}
AP23790;AP23790;AP23790;;;;150;;0;150;0;{'1': [4005]}
AP22956;AP22956;AP22956;;;;;;0;0;0;{'1': []}
AP22454;AP22454;AP22454;;;102;;;102;0;0;{'1': [4228, 2357]}
541629;541629;541629;;;;;;0;0;0;{'1': []}
64378;64378;64378;;;;;;0;0;0;{'1': []}
44728;44728;44728;;;11;35;;11;35;0;{'1': [3744, 2945, 1891, 1892, 2053, 710, 3742, 2221, 2254, 3630, 2293, 3541, 2458, 2459, 1052, 1565, 2461, 4191]}
392617;392617;392617;;;;;;0;0;0;{'1': []}
0;0;0;;;;;;0;0;0;{'1': []}
25694;25694;25694;;;;;;0;0;0;{'1': []}
527631;527631;527631;;;;;;0;0;0;{'1': []}
164874;164874;164874;;;3;;;3;0;0;{'1': [216, 3055]}
111195;111195;111195;;;;;;0;0;0;{'1': []}
22867;22867;22867;;;57;26;;57;26;0;{'1': [1347, 1576, 2345, 810, 1355, 2648, 4842, 2382, 4337, 1528, 3323, 2303]}
146020;146020;146020;;;;;;0;0;0;{'1': []}
125612;125612;125612;;;;;;0;0;0;{'1': []}
23679;23679;23679;;;;;;0;0;0;{'1': []}
100414012500674;100414012500674;100414012500674;;;;;;0;0;0;{'1': []}
130206;130206;130206;;;;;;0;0;0;{'1': []}
26007;26007;26007;;;360;;;360;0;0;{'1': [3729, 218, 3711]}
22879;22879;22879;;;18;;;18;0;0;{'1': [4676, 999]}
99054;99054;99054;;;;;;0;0;0;{'1': []}
393300;393300;393300;;;;;;0;0;0;{'1': []}
553190;553190;553190;;;90;;;90;0;0;{'1': [4324, 845, 255]}
25696;25696;25696;;;660;;;660;0;0;{'1': [2214, 4459, 274, 850, 220]}
124861;124861;124861;;;;;;0;0;0;{'1': []}
33405;33405;33405;;;1;2;;1;2;0;{'1': [3469, 4366]}
0;0;0;;;;;;0;0;0;{'1': []}
80343;80343;80343;;;;;;0;0;0;{'1': []}
0;0;0;;;;;;0;0;0;{'1': []}
101466;101466;101466;;;;;;0;0;0;{'1': []}
399886;399886;399886;;;;;;0;0;0;{'1': []}
108399;108399;108399;;;;;;0;0;0;{'1': []}
104921;104921;104921;;;;;;0;0;0;{'1': []}
0;0;0;;;;;;0;0;0;{'1': []}
0;0;0;;;;;;0;0;0;{'1': []}
0;0;0;;;;;;0;0;0;{'1': []}
AP21004;AP21004;AP21004;;;;;;0;0;0;{'1': []}
AP22494;AP22494;AP22494;;;;;;0;0;0;{'1': []}
AP20594;AP20594;AP20594;;;;;;0;0;0;{'1': []}
AP23349;AP23349;AP23349;;;;;;0;0;0;{'1': []}
AP22950;AP22950;AP22950;;;;;;0;0;0;{'1': []}
AP23346;AP23346;AP23346;;;;;;0;0;0;{'1': []}
AP22864;AP22864;AP22864;;;;;;0;0;0;{'1': []}
AP21726;AP21726;AP21726;;;;;;0;0;0;{'1': []}
AP22863;AP22863;AP22863;;;;;;0;0;0;{'1': []}
AP22862;AP22862;AP22862;;;;;;0;0;0;{'1': []}
AP21531;AP21531;AP21531;;;;;;0;0;0;{'1': []}
AP22046;AP22046;AP22046;;;;30;;0;30;0;{'1': [3970]}
AP24393;AP24393;AP24393;;;;;;0;0;0;{'1': []}
AP22303;AP22303;AP22303;;;;;;0;0;0;{'1': []}
AP20220;AP20220;AP20220;;;4;7;;4;7;0;{'1': [3491, 900, 1701, 3683, 4586, 4047, 784, 2000, 3987, 3478, 1790]}
AP20681;AP20681;AP20681;;;;;;0;0;0;{'1': []}
AP20590;AP20590;AP20590;;;;;;0;0;0;{'1': []}
AP23122;AP23122;AP23122;;;;;;0;0;0;{'1': []}
AP22279;AP22279;AP22279;;;7;8;;7;8;0;{'1': [3814, 2538, 557, 3504, 627, 2324, 1847, 857, 762, 4219, 3388, 3551]}
AP24413;AP24413;AP24413;;;30;;;30;0;0;{'1': [4582]}
AP23043;AP23043;AP23043;;;;;;0;0;0;{'1': []}
AP23189;AP23189;AP23189;;;;;;0;0;0;{'1': []}
AP23044;AP23044;AP23044;;;;;;0;0;0;{'1': []}
AP21008;AP21008;AP21008;;;;;;0;0;0;{'1': []}
AP21007;AP21007;AP21007;;;;;;0;0;0;{'1': []}
AP22945;AP22945;AP22945;;;;;;0;0;0;{'1': []}
AP23308;AP23308;AP23308;;;;;;0;0;0;{'1': []}
AP23643;AP23643;AP23643;;;;;;0;0;0;{'1': []}
AP21285;AP21285;AP21285;;;5;;;5;0;0;{'1': [4099, 2020, 285, 126, 2431]}
AP20518;AP20518;AP20518;;;;;;0;0;0;{'1': []}
AP20996;AP20996;AP20996;;;;;;0;0;0;{'1': []}
AP23920;AP23920;AP23920;;;17;7;;17;7;0;{'1': [1280, 2826, 4242, 4888, 1821, 4905, 4909, 2484, 2747, 1599, 192, 462, 3921, 598, 4055, 4184, 1120, 1513, 4201, 2045, 3966]}
AP21265;AP21265;AP21265;;;;;;0;0;0;{'1': []}
AP20687;AP20687;AP20687;;;;1;;0;1;0;{'1': [632]}
AP20708;AP20708;AP20708;;;;;;0;0;0;{'1': []}
AP21427;AP21427;AP21427;;;;;;0;0;0;{'1': []}
AP20649;AP20649;AP20649;;;;;;0;0;0;{'1': []}
AP22724;AP22724;AP22724;;;;1;;0;1;0;{'1': [2466]}
AP23706;AP23706;AP23706;;;;;;0;0;0;{'1': []}
AP21284;AP21284;AP21284;;;;;;0;0;0;{'1': []}
AP20519;AP20519;AP20519;;;108;145;;108;145;0;{'1': [512, 1536, 1026, 3587, 3588, 1541, 1030, 2566, 2568, 3077, 522, 4613, 4110, 2063, 528, 529, 1552, 4112, 4114, 533, 2582, 4626, 3613, 36, 4646, 4135, 2091, 1581, 1072, 3122, 2611, 4153, 4666, 59, 1596, 2619, 2111, 3136, 4671, 1090, 4164, 2117, 2122, 4683, 4684, 79, 1103, 1618, 1620, 3157, 4698, 603, 605, 3166, 95, 2660, 101, 2150, 615, 1642, 1643, 4210, 2171, 1155, 645, 2183, 2186, 142, 3732, 149, 4609, 3224, 3737, 3738, 2715, 156, 4762, 1696, 2208, 4768, 2723, 4770, 1195, 1196, 3245, 686, 3759, 4795, 1216, 2754, 708, 2244, 3781, 1736, 204, 4812, 1744, 2256, 1236, 1240, 2264, 3289, 3291, 2268, 2781, 1760, 2275, 1252, 2796, 239, 752, 243, 246, 4855, 1277, 3329, 4354, 263, 1288, 1289, 778, 2827, 2828, 1293, 3341, 2831, 4876, 795, 3872, 292, 1828, 806, 1829, 811, 305, 1841, 2865, 4916, 4917, 827, 835, 3909, 2891, 1357, 3406, 847, 3408, 337, 1874, 3920, 4430, 3414, 1370, 863, 3941, 881, 371, 2933, 374, 4469, 1913, 3967, 1923, 3460, 390, 1930, 1419, 908, 2955, 2964, 917, 2455, 4504, 1436, 1953, 2977, 2468, 4516, 2983, 3496, 3498, 2475, 3499, 4524, 1966, 435, 2483, 1973, 1976, 4024, 954, 4026, 4540, 3005, 1982, 447, 3008, 962, 3524, 1496, 3037, 2526, 1503, 1504, 481, 4061, 4066, 1515, 3567, 2032, 2547, 3061, 3574, 4604, 2558]}
AP22779;AP22779;AP22779;;;;;;0;0;0;{'1': []}
AP22305;AP22305;AP22305;;;;;;0;0;0;{'1': []}
AP21492;AP21492;AP21492;;;1;;;1;0;0;{'1': [2042]}
AP21746;AP21746;AP21746;;;;;;0;0;0;{'1': []}
AP23449;AP23449;AP23449;;;;;;0;0;0;{'1': []}
AP23223;AP23223;AP23223;;;;;;0;0;0;{'1': []}
AP20872;AP20872;AP20872;;;;;;0;0;0;{'1': []}
AP22052;AP22052;AP22052;;;;;;0;0;0;{'1': []}
AP23103;AP23103;AP23103;;;;;;0;0;0;{'1': []}
AP23093;AP23093;AP23093;;;1;2;;1;2;0;{'1': [570, 4851, 2039]}
AP21748;AP21748;AP21748;;;;;;0;0;0;{'1': []}
AP23095;AP23095;AP23095;;;;1;;0;1;0;{'1': [2036]}
AP21747;AP21747;AP21747;;;;;;0;0;0;{'1': []}
AP22483;AP22483;AP22483;;;;;;0;0;0;{'1': []}
AP20311;AP20311;AP20311;;;;;;0;0;0;{'1': []}
AP20808;AP20808;AP20808;;;;;;0;0;0;{'1': []}
AP20007;AP20007;AP20007;;;;;;0;0;0;{'1': []}
AP21824;AP21824;AP21824;;;;;;0;0;0;{'1': []}
AP21938;AP21938;AP21938;;;;;;0;0;0;{'1': []}
AP21825;AP21825;AP21825;;;;;;0;0;0;{'1': []}
AP21006;AP21006;AP21006;;;;;;0;0;0;{'1': []}
AP20720;AP20720;AP20720;;;1;1;;1;1;0;{'1': [4850, 3374]}
AP20717;AP20717;AP20717;;;17;30;;17;30;0;{'1': [3456, 1409, 1668, 2565, 3076, 1927, 1937, 2322, 4625, 26, 542, 3104, 2338, 293, 4904, 3626, 3627, 812, 816, 2864, 3895, 1720, 824, 4023, 1341, 2621, 3775, 1856, 3137, 4042, 593, 2513, 2141, 1635, 740, 4068, 3942, 105, 618, 4335, 3570, 629, 3062, 1914, 4222]}
AP20722;AP20722;AP20722;;;;;;0;0;0;{'1': []}
AP20719;AP20719;AP20719;;;;;;0;0;0;{'1': []}
AP20549;AP20549;AP20549;;;;1;;0;1;0;{'1': [1134]}
AP24408;AP24408;AP24408;;;;;;0;0;0;{'1': []}
AP21832;AP21832;AP21832;;;;;;0;0;0;{'1': []}
AP23959;AP23959;AP23959;;;7;10;;7;10;0;{'1': [1088, 610, 356, 3172, 4807, 104, 3487, 4556, 2159, 1008, 3888, 1332, 2359, 1951, 2393, 1150, 1151]}
AP23736;AP23736;AP23736;;;1;;;1;0;0;{'1': [1004]}
AP21946;AP21946;AP21946;;;;;;0;0;0;{'1': []}
AP22897;AP22897;AP22897;;;;;;0;0;0;{'1': []}
AP22521;AP22521;AP22521;;;11;5;;11;5;0;{'1': [1792, 932, 934, 8, 842, 299, 906, 938, 1418, 2895, 2719, 3184, 1138, 1139, 3740, 351]}
AP20995;AP20995;AP20995;;;;;;0;0;0;{'1': []}
AP22492;AP22492;AP22492;;;1;;;1;0;0;{'1': [1692]}
AP21817;AP21817;AP21817;;;;;;0;0;0;{'1': []}
AP21818;AP21818;AP21818;;;;;;0;0;0;{'1': []}
AP21820;AP21820;AP21820;;;;;;0;0;0;{'1': []}
AP22815;AP22815;AP22815;;;;;;0;0;0;{'1': []}
AP20533;AP20533;AP20533;;;;;;0;0;0;{'1': []}
AP23633;AP23633;AP23633;;;21;18;;21;18;0;{'1': [3072, 1932, 2956, 4881, 4760, 2843, 3100, 158, 1697, 4514, 3751, 3624, 1707, 429, 4018, 2490, 189, 2753, 453, 328, 1870, 2510, 2514, 342, 1622, 2135, 1113, 1629, 2142, 1759, 607, 3174, 1127, 1128, 1517, 2928, 1779, 3571, 1402]}
AP21945;AP21945;AP21945;;;;;;0;0;0;{'1': []}
AP21426;AP21426;AP21426;;;;;;0;0;0;{'1': []}
AP23581;AP23581;AP23581;;;;;;0;0;0;{'1': []}
AP20684;AP20684;AP20684;;;;;;0;0;0;{'1': []}
AP23584;AP23584;AP23584;;;;;;0;0;0;{'1': []}
AP24531;AP24531;AP24531;;;14;30;;14;30;0;{'1': [2049, 771, 388, 1413, 3204, 3335, 912, 273, 3219, 2837, 2840, 25, 2330, 3480, 4248, 4766, 546, 3621, 2086, 559, 1329, 819, 1460, 1722, 572, 3516, 3773, 4293, 1360, 2640, 2773, 3292, 226, 612, 1387, 1389, 1263, 1395, 2297, 1787]}
AP22356;AP22356;AP22356;;;;;;0;0;0;{'1': []}
AP23933;AP23933;AP23933;;;2;;;2;0;0;{'1': [1752, 4312]}
AP20646;AP20646;AP20646;;;1;2;;1;2;0;{'1': [560, 571, 4291]}
AP24182;AP24182;AP24182;;;;;;0;0;0;{'1': []}
AP21708;AP21708;AP21708;;;;;;0;0;0;{'1': []}
AP24163;AP24163;AP24163;;;;;;0;0;0;{'1': []}
AP21807;AP21807;AP21807;;;;;;0;0;0;{'1': []}
AP22901;AP22901;AP22901;;;;;;0;0;0;{'1': []}
AP23293;AP23293;AP23293;;;;;;0;0;0;{'1': []}
AP22770;AP22770;AP22770;;;;;;0;0;0;{'1': []}
AP24345;AP24345;AP24345;;;;;;0;0;0;{'1': []}
AP22306;AP22306;AP22306;;;;;;0;0;0;{'1': []}
AP21929;AP21929;AP21929;;;;;;0;0;0;{'1': []}
AP24034;AP24034;AP24034;;;;;;0;0;0;{'1': []}
AP21930;AP21930;AP21930;;;;;;0;0;0;{'1': []}
AP20222;AP20222;AP20222;;;;;;0;0;0;{'1': []}
AP23450;AP23450;AP23450;;;;2;;0;2;0;{'1': [561, 902]}
AP20131;AP20131;AP20131;;;;;;0;0;0;{'1': []}
AP21166;AP21166;AP21166;;;21;100;;21;100;0;{'1': [5, 1543, 4616, 4618, 4107, 1042, 2067, 3606, 1059, 4133, 3622, 3623, 4140, 4143, 4144, 2097, 4145, 4147, 4149, 566, 3645, 3139, 3657, 3662, 3667, 4703, 4705, 4195, 3693, 3183, 1137, 2675, 1143, 3703, 3194, 2172, 644, 4229, 2696, 651, 1675, 1676, 3727, 1172, 1686, 2716, 4769, 4292, 3786, 1742, 3283, 2262, 2775, 3798, 3802, 2270, 223, 4319, 3298, 3304, 2793, 3306, 2799, 3826, 1781, 3835, 1281, 3841, 4360, 2314, 3345, 2834, 4371, 2836, 4882, 4886, 2839, 281, 284, 2339, 1326, 1839, 3375, 818, 1866, 3410, 3440, 2418, 3447, 2433, 1929, 1931, 396, 4494, 913, 3988, 3481, 2470, 1959, 2478, 4531, 1972, 4549, 976, 1488, 2517, 476, 478, 3049, 3051, 4593, 4597, 2043, 4606]}
AP24354;AP24354;AP24354;;;;;;0;0;0;{'1': []}
AP20204;AP20204;AP20204;;;;;;0;0;0;{'1': []}
AP20873;AP20873;AP20873;;;4;1;;4;1;0;{'1': [3851, 521, 2083]}
AP20134;AP20134;AP20134;;;;;;0;0;0;{'1': []}
AP20691;AP20691;AP20691;;;;;;0;0;0;{'1': []}
AP20863;AP20863;AP20863;;;;;;0;0;0;{'1': []}
AP24187;AP24187;AP24187;;;;1;;0;1;0;{'1': [3271]}
AP23094;AP23094;AP23094;;;1;;;1;0;0;{'1': [4290]}
AP20307;AP20307;AP20307;;;;;;0;0;0;{'1': []}
AP23092;AP23092;AP23092;;;;;;0;0;0;{'1': []}
AP21425;AP21425;AP21425;;;;;;0;0;0;{'1': []}
AP24357;AP24357;AP24357;;;80;120;;80;120;0;{'1': [3301, 1899, 206, 4852, 4536]}
AP21303;AP21303;AP21303;;;;;;0;0;0;{'1': []}
AP21079;AP21079;AP21079;;;;;;0;0;0;{'1': []}
AP21001;AP21001;AP21001;;;;;;0;0;0;{'1': []}
AP21080;AP21080;AP21080;;;;;;0;0;0;{'1': []}
AP24431;AP24431;AP24431;;;;;;0;0;0;{'1': []}
AP22392;AP22392;AP22392;;;;;;0;0;0;{'1': []}
AP22575;AP22575;AP22575;;;;;;0;0;0;{'1': []}
AP20209;AP20209;AP20209;;;;;;0;0;0;{'1': []}
AP20210;AP20210;AP20210;;;;;;0;0;0;{'1': []}
AP21043;AP21043;AP21043;;;;;;0;0;0;{'1': []}
AP20396;AP20396;AP20396;;;;;;0;0;0;{'1': []}
AP21390;AP21390;AP21390;;;9;;;9;0;0;{'1': [1490]}
AP22462;AP22462;AP22462;;;;;;0;0;0;{'1': []}
AP23199;AP23199;AP23199;;;;;;0;0;0;{'1': []}
AP20593;AP20593;AP20593;;;90;;;90;0;0;{'1': [4111]}
AP22515;AP22515;AP22515;;;;;;0;0;0;{'1': []}
AP22468;AP22468;AP22468;;;60;;;60;0;0;{'1': [4092]}
100449;100449;100449;;;;;;0;0;0;{'1': []}
AP23896;AP23896;AP23896;;;90;;;90;0;0;{'1': [2912, 3233, 3569]}
528498;528498;528498;;;;;;0;0;0;{'1': []}
AP21763;AP21763;AP21763;;;;;;0;0;0;{'1': []}
AP24252;AP24252;AP24252;;;;;;0;0;0;{'1': []}
AP20723;AP20723;AP20723;;;;;;0;0;0;{'1': []}
AP22968;AP22968;AP22968;;;2;2;;2;2;0;{'1': [2402, 2403, 3411]}
N01BB0131C03;N01BB0131C03;N01BB0131C03;;;;;;0;0;0;{'1': []}
AP23001;AP23001;AP23001;;;;;;0;0;0;{'1': []}
403209;403209;403209;;;;;;0;0;0;{'1': []}
AP22430;AP22430;AP22430;;;;;;0;0;0;{'1': []}
AP20264;AP20264;AP20264;;;;;;0;0;0;{'1': []}
AP22720;AP22720;AP22720;;;;;;0;0;0;{'1': []}
AP22436;AP22436;AP22436;;;3120;1170;;3120;1170;0;{'1': [2057, 10, 1035, 525, 4115, 1558, 3099, 4132, 2597, 2090, 2607, 2101, 4662, 1591, 1085, 2110, 4669, 3147, 1613, 1102, 2638, 1106, 3682, 1125, 4709, 3175, 1129, 2155, 2156, 624, 3697, 2676, 4212, 3702, 3193, 1146, 4738, 4747, 3213, 4754, 2195, 4755, 1174, 3747, 4776, 3755, 177, 4787, 2740, 181, 2741, 4789, 1212, 1725, 2748, 703, 704, 4803, 1733, 1734, 2248, 2258, 2265, 2779, 2272, 2785, 228, 1768, 1269, 4858, 2299, 253, 1279, 2307, 1801, 1807, 3344, 277, 2325, 3863, 4373, 3866, 1310, 1311, 4385, 3364, 296, 3368, 3884, 817, 2354, 820, 1340, 1346, 1860, 2375, 2387, 2395, 1372, 1884, 1377, 3428, 3944, 1385, 1386, 2413, 2422, 375, 2935, 3451, 2428, 1924, 3974, 2971, 416, 929, 2976, 419, 2980, 3502, 4528, 949, 2997, 1468, 4031, 4543, 4544, 1475, 4547, 2506, 1997, 2509, 4052, 4571, 988, 4071, 4074, 493, 1518, 1007, 1526, 3577, 3066, 2559]}
AP22445;AP22445;AP22445;;;;;;0;0;0;{'1': []}
AP20444;AP20444;AP20444;;;;;;0;0;0;{'1': []}
AP22442;AP22442;AP22442;;;;;;0;0;0;{'1': []}
AP23306;AP23306;AP23306;;;252;;;252;0;0;{'1': [4390, 4380, 4829, 4382, 4383]}
AP20837;AP20837;AP20837;;;;;;0;0;0;{'1': []}
AP20838;AP20838;AP20838;;;;;;0;0;0;{'1': []}
AP22737;AP22737;AP22737;;;;;;0;0;0;{'1': []}
AP22738;AP22738;AP22738;;;2;;;2;0;0;{'1': [3937, 2930]}
AP22026;AP22026;AP22026;;;60;;;60;0;0;{'1': [4446]}
AP20685;AP20685;AP20685;;;;;;0;0;0;{'1': []}
N02AA0331C01;N02AA0331C01;N02AA0331C01;;;;;;0;0;0;{'1': []}
AP24185;AP24185;AP24185;;;;;;0;0;0;{'1': []}
AP22530;AP22530;AP22530;;;;;;0;0;0;{'1': []}
AP22941;AP22941;AP22941;;;;;;0;0;0;{'1': []}
AP22011;AP22011;AP22011;;;;30;;0;30;0;{'1': [3369]}
AP23859;AP23859;AP23859;;;;;;0;0;0;{'1': []}
AP20109;AP20109;AP20109;;;75;30;;75;30;0;{'1': [3817, 421, 4439]}
AP23064;AP23064;AP23064;;;;;;0;0;0;{'1': []}
AP22012;AP22012;AP22012;;;;;;0;0;0;{'1': []}
AP20730;AP20730;AP20730;;;;;;0;0;0;{'1': []}
N02AE0175C03;N02AE0175C03;N02AE0175C03;;;;;;0;0;0;{'1': []}
119711;119711;119711;;;;;;0;0;0;{'1': []}
AP20728;AP20728;AP20728;;;37;;;37;0;0;{'1': [2921, 4873, 4887, 3981, 179, 1559]}
AP20729;AP20729;AP20729;;;18;;;18;0;0;{'1': [2776, 4202, 1118]}
AP23944;AP23944;AP23944;;;;;;0;0;0;{'1': []}
AP23134;AP23134;AP23134;;;30;;;30;0;0;{'1': [4782]}
AP23304;AP23304;AP23304;;;390;238;;390;238;0;{'1': [3264, 1025, 2625, 996, 4901, 935, 3177, 1226, 1677, 1006, 1424, 1426, 1011, 1684, 4310, 631, 1657]}
AP23669;AP23669;AP23669;;;;;;0;0;0;{'1': []}
AP23676;AP23676;AP23676;;;;;;0;0;0;{'1': []}
AP21127;AP21127;AP21127;;;630;;;630;0;0;{'1': [1314, 1315, 2979, 2407, 2537, 4298, 1323, 1453, 3117, 2130, 4216, 2975]}
AP23557;AP23557;AP23557;;;330;;;330;0;0;{'1': [2920, 4846, 3831]}
AP23558;AP23558;AP23558;;;;;;0;0;0;{'1': []}
AP23559;AP23559;AP23559;;;;;;0;0;0;{'1': []}
AP23269;AP23269;AP23269;;;26;6;;26;6;0;{'1': [580, 4869, 266, 1547, 365, 3726, 1616, 1617, 4721, 691, 3956, 1493, 4179, 1017, 602, 1919]}
AP23561;AP23561;AP23561;;;;;;0;0;0;{'1': []}
AP23560;AP23560;AP23560;;;60;;;60;0;0;{'1': [1598]}
AP22961;AP22961;AP22961;;;;;;0;0;0;{'1': []}
AP22485;AP22485;AP22485;;;120;;;120;0;0;{'1': [4527, 922, 2311]}
AP21059;AP21059;AP21059;;;390;;;390;0;0;{'1': [2850, 163, 3203, 2555]}
AP20267;AP20267;AP20267;;;;;;0;0;0;{'1': []}
531499;531499;531499;;;;;;0;0;0;{'1': []}
AP22532;AP22532;AP22532;;;;;;0;0;0;{'1': []}
AP20746;AP20746;AP20746;;;;;;0;0;0;{'1': []}
AP20747;AP20747;AP20747;;;1;;;1;0;0;{'1': [2068]}
AP23368;AP23368;AP23368;;;150;210;;150;210;0;{'1': [2913, 1250, 1091, 1092, 1700, 2022, 2918, 4680, 2217, 3113, 2551]}
AP22710;AP22710;AP22710;;;;;;0;0;0;{'1': []}
AP22604;AP22604;AP22604;;;120;;;120;0;0;{'1': [4577, 2234, 3556]}
AP20490;AP20490;AP20490;;;;;;0;0;0;{'1': []}
AP20072;AP20072;AP20072;;;;;;0;0;0;{'1': []}
AP21030;AP21030;AP21030;;;;;;0;0;0;{'1': []}
AP24121;AP24121;AP24121;;;90;;;90;0;0;{'1': [1570, 3196, 4474, 4284]}
548991;548991;548991;;;1;1;;1;1;0;{'1': [2123, 3725]}
AP21890;AP21890;AP21890;;;;;;0;0;0;{'1': []}
AP20052;AP20052;AP20052;;;;;;0;0;0;{'1': []}
AP21915;AP21915;AP21915;;;;;;0;0;0;{'1': []}
AP20085;AP20085;AP20085;;;390;1050;;390;1050;0;{'1': [3969, 259, 2443, 1292, 1422, 2704, 2705, 4246, 3736, 4120, 4506, 4512, 3492, 3748, 552, 4010, 4139, 2348, 2106, 3002, 3514, 3772, 3898, 960, 2497, 2508, 3150, 2128, 2898, 2389, 3287, 4697, 3293, 992, 2916, 4849, 2679, 633, 1404, 2942]}
AP22576;AP22576;AP22576;;;90;;;90;0;0;{'1': [2279]}
AP20121;AP20121;AP20121;;;;;;0;0;0;{'1': []}
AP24141;AP24141;AP24141;;;584;512;;584;512;0;{'1': [3653, 4006, 1511, 1416, 2376, 4664, 1485, 814, 2158, 3917, 242, 2227, 2610, 3672, 4729, 4670, 4639]}
AP20123;AP20123;AP20123;;;170;150;;170;150;0;{'1': [289, 291, 1060, 2606, 1661, 286]}
AP20062;AP20062;AP20062;;;;;;0;0;0;{'1': []}
AP20120;AP20120;AP20120;;;60;56;;60;56;0;{'1': [2986, 2950, 3871]}
AP20049;AP20049;AP20049;;;;;;0;0;0;{'1': []}
AP20107;AP20107;AP20107;;;90;;;90;0;0;{'1': [4567]}
AP20125;AP20125;AP20125;;;2;2;;2;2;0;{'1': [1834, 3116, 1071]}
AP20064;AP20064;AP20064;;;339;;;339;0;0;{'1': [3041, 1477, 3494, 4165, 4167, 4391, 2750]}
AP20449;AP20449;AP20449;;;;;;0;0;0;{'1': []}
AP20086;AP20086;AP20086;;;1018;490;;1018;490;0;{'1': [3584, 772, 2308, 1808, 1940, 4245, 1175, 1816, 4249, 1188, 1837, 4525, 4788, 821, 4278, 955, 3393, 1993, 2005, 3797, 4706, 3940, 2664, 2665, 1002, 2157, 1398, 1656, 507]}
AP23305;AP23305;AP23305;;;90;148;;90;148;0;{'1': [739, 203, 4601, 815, 210, 211, 4025]}
AP20088;AP20088;AP20088;;;465;30;;465;30;0;{'1': [1444, 4649, 362, 3885, 270, 4621, 2481, 2552, 1593, 1594, 1469, 4702]}
AP21507;AP21507;AP21507;;;;;;0;0;0;{'1': []}
AP23525;AP23525;AP23525;;;;;;0;0;0;{'1': []}
AP21126;AP21126;AP21126;;;2250;;;2250;0;0;{'1': [3075, 3589, 4746, 3979, 4113, 914, 921, 3878, 1063, 1452, 4526, 4275, 3263, 1984, 590, 4302, 4689, 1108, 597, 3413, 3419, 222, 1631, 3302, 231, 2923, 4717, 1774, 2168, 4217, 763, 4605]}
AP24223;AP24223;AP24223;;;;;;0;0;0;{'1': []}
AP21731;AP21731;AP21731;;;3420;;;3420;0;0;{'1': [3330, 3973, 3334, 394, 272, 2452, 1430, 283, 4519, 4648, 4009, 1706, 1712, 1585, 50, 563, 2225, 3000, 1220, 73, 2125, 1745, 83, 1491, 213, 3540, 4181, 4309, 3801, 1249, 486, 4713, 238, 2927, 3056, 2417, 4209, 756, 1908, 4214, 4860, 2430]}
AP21737;AP21737;AP21737;;;120;;;120;0;0;{'1': [3208, 2177]}
AP21735;AP21735;AP21735;;;17;;;17;0;0;{'1': [4295, 4781, 4751, 1238, 1178]}
N03AB0201C01;N03AB0201C01;N03AB0201C01;;;;;;0;0;0;{'1': []}
AP21727;AP21727;AP21727;;;60;80;;60;80;0;{'1': [2792, 2794, 2787, 1869]}
0;0;0;;;;;;0;0;0;{'1': []}
AP23266;AP23266;AP23266;;;4;1;;4;1;0;{'1': [3975, 2453, 3639]}
AP21729;AP21729;AP21729;;;;;;0;0;0;{'1': []}
AP21074;AP21074;AP21074;;;990;;;990;0;0;{'1': [2212, 1348, 3079, 4329, 75, 2316, 2989, 4749, 17, 4276, 4730]}
AP21077;AP21077;AP21077;;;1200;;;1200;0;0;{'1': [4226, 711, 4327, 4554, 1358, 3641, 304, 4375, 4783, 1780, 1878, 3926, 3225, 2811, 92, 3103]}
AP24092;AP24092;AP24092;;;;;;0;0;0;{'1': []}
AP21076;AP21076;AP21076;;;30;;;30;0;0;{'1': [3207, 3600, 2586, 157, 2335, 2720, 1571, 3620, 2853, 1582, 3118, 2867, 308, 1205, 438, 2232, 697, 3900, 2010, 3418, 1756, 1770, 1392, 1782, 3070]}
AP21076;AP21076;AP21076;;;30;;;30;0;0;{'1': [3207, 3600, 2586, 157, 2335, 2720, 1571, 3620, 2853, 1582, 3118, 2867, 308, 1205, 438, 2232, 697, 3900, 2010, 3418, 1756, 1770, 1392, 1782, 3070]}
AP22960;AP22960;AP22960;;;;;;0;0;0;{'1': []}
AP20844;AP20844;AP20844;;;90;420;;90;420;0;{'1': [4065, 4673, 713, 2351, 688, 979, 1978, 1757]}
AP22963;AP22963;AP22963;;;;;;0;0;0;{'1': []}
AP20846;AP20846;AP20846;;;;;;0;0;0;{'1': []}
AP22962;AP22962;AP22962;;;;;;0;0;0;{'1': []}
AP20849;AP20849;AP20849;;;;;;0;0;0;{'1': []}
AP22486;AP22486;AP22486;;;480;;;480;0;0;{'1': [1861, 4638, 1193, 1162, 3790, 3984, 2197, 3575, 506, 1630]}
AP20843;AP20843;AP20843;;;5;;;5;0;0;{'1': [787]}
AP20686;AP20686;AP20686;;;;;;0;0;0;{'1': []}
AP22935;AP22935;AP22935;;;;210;;0;210;0;{'1': [4889, 4466]}
AP21060;AP21060;AP21060;;;1140;;;1140;0;0;{'1': [2304, 4311, 2856, 4428, 3918, 2896, 3794, 3635, 2901, 2678, 2295, 3064, 442, 3995, 2236]}
AP22937;AP22937;AP22937;;;;360;;0;360;0;{'1': [675, 679, 489, 3404, 4537]}
AP20265;AP20265;AP20265;;;210;;;210;0;0;{'1': [2978, 4299, 1330, 2998, 2911]}
AP22936;AP22936;AP22936;;;8;20;;8;20;0;{'1': [4194, 483, 3433, 1080, 1658]}
AP22680;AP22680;AP22680;;;;;;0;0;0;{'1': []}
AP21590;AP21590;AP21590;;;;;;0;0;0;{'1': []}
AP23802;AP23802;AP23802;;;;450;;0;450;0;{'1': [2970, 2635, 3828, 2974]}
AP23899;AP23899;AP23899;;;;90;;0;90;0;{'1': [3882, 1037, 1119]}
AP23806;AP23806;AP23806;;;;150;;0;150;0;{'1': [1904, 3907]}
AP21591;AP21591;AP21591;;;;;;0;0;0;{'1': []}
AP23803;AP23803;AP23803;;;60;;;60;0;0;{'1': [3616]}
AP23807;AP23807;AP23807;;;60;180;;60;180;0;{'1': [3405, 13, 503]}
AP23792;AP23792;AP23792;;;10;22;;10;22;0;{'1': [2276, 1800, 2152, 4488, 117, 1079, 1949]}
AP20208;AP20208;AP20208;;;;;;0;0;0;{'1': []}
AP21431;AP21431;AP21431;;;;;;0;0;0;{'1': []}
AP22337;AP22337;AP22337;;;;;;0;0;0;{'1': []}
AP22999;AP22999;AP22999;;;;;;0;0;0;{'1': []}
AP22711;AP22711;AP22711;;;;;;0;0;0;{'1': []}
AP21453;AP21453;AP21453;;;;;;0;0;0;{'1': []}
AP21880;AP21880;AP21880;;;;;;0;0;0;{'1': []}
AP23981;AP23981;AP23981;;;;;;0;0;0;{'1': []}
AP21882;AP21882;AP21882;;;;;;0;0;0;{'1': []}
AP22605;AP22605;AP22605;;;60;;;60;0;0;{'1': [4288]}
AP22374;AP22374;AP22374;;;3390;2950;;3390;2950;0;{'1': [1920, 2562, 3074, 4357, 1798, 1031, 650, 12, 2060, 2317, 3214, 3351, 537, 3098, 796, 3101, 3229, 3486, 32, 1185, 1312, 1313, 4636, 4765, 1318, 2854, 3495, 1321, 2858, 2347, 3753, 4395, 3246, 4906, 2992, 689, 4017, 3252, 2869, 1721, 3385, 3642, 2493, 1215, 449, 66, 3778, 3268, 3908, 1607, 3143, 4168, 1227, 4301, 1230, 3796, 2518, 1243, 2139, 2523, 3804, 4316, 4320, 2914, 4323, 1508, 872, 2922, 3946, 1905, 2546, 3059, 2682, 4859]}
AP20489;AP20489;AP20489;;;;;;0;0;0;{'1': []}
AP22375;AP22375;AP22375;;;1230;2930;;1230;2930;0;{'1': [1539, 4358, 2440, 4235, 4238, 4240, 4372, 4121, 4251, 2464, 4256, 2341, 2469, 2726, 3877, 2985, 3114, 2987, 3879, 2349, 2990, 2479, 3631, 3633, 4146, 3638, 3513, 2623, 3519, 2881, 2882, 3521, 4672, 454, 2503, 3398, 2378, 4172, 3151, 1747, 3795, 4693, 2902, 3286, 473, 2656, 2529, 3554, 106, 2282, 2410, 3564, 2673, 3446, 3834, 4351]}
AP20491;AP20491;AP20491;;;;;;0;0;0;{'1': []}
AP21029;AP21029;AP21029;;;;;;0;0;0;{'1': []}
AP23163;AP23163;AP23163;;;;;;0;0;0;{'1': []}
AP21914;AP21914;AP21914;;;;;;0;0;0;{'1': []}
AP20734;AP20734;AP20734;;;;;;0;0;0;{'1': []}
AP22315;AP22315;AP22315;;;;;;0;0;0;{'1': []}
AP24140;AP24140;AP24140;;;;;;0;0;0;{'1': []}
AP22116;AP22116;AP22116;;;80;;;80;0;0;{'1': [2451, 2700, 3671]}
AP20179;AP20179;AP20179;;;;;;0;0;0;{'1': []}
AP21211;AP21211;AP21211;;;;;;0;0;0;{'1': []}
AP22117;AP22117;AP22117;;;;;;0;0;0;{'1': []}
AP23873;AP23873;AP23873;;;;;;0;0;0;{'1': []}
143436;143436;143436;;;;;;0;0;0;{'1': []}
AP23579;AP23579;AP23579;;;;;;0;0;0;{'1': []}
AP20971;AP20971;AP20971;;;;;;0;0;0;{'1': []}
AP21489;AP21489;AP21489;;;;;;0;0;0;{'1': []}
AP21490;AP21490;AP21490;;;;;;0;0;0;{'1': []}
AP21156;AP21156;AP21156;;;;30;;0;30;0;{'1': [745]}
AP22923;AP22923;AP22923;;;;;;0;0;0;{'1': []}
AP21704;AP21704;AP21704;;;;;;0;0;0;{'1': []}
AP22334;AP22334;AP22334;;;;;;0;0;0;{'1': []}
AP20551;AP20551;AP20551;;;;;;0;0;0;{'1': []}
AP21478;AP21478;AP21478;;;;;;0;0;0;{'1': []}
AP23354;AP23354;AP23354;;;;;;0;0;0;{'1': []}
AP21467;AP21467;AP21467;;;;;;0;0;0;{'1': []}
AP22646;AP22646;AP22646;;;8;18;;8;18;0;{'1': [2019, 4231, 4232, 1546, 2926, 2929, 2940, 2910]}
AP21129;AP21129;AP21129;;;;;;0;0;0;{'1': []}
AP21546;AP21546;AP21546;;;;;;0;0;0;{'1': []}
AP24088;AP24088;AP24088;;;;;;0;0;0;{'1': []}
AP20759;AP20759;AP20759;;;;;;0;0;0;{'1': []}
AP24133;AP24133;AP24133;;;;;;0;0;0;{'1': []}
AP22620;AP22620;AP22620;;;;;;0;0;0;{'1': []}
M02AA1551C02;M02AA1551C02;M02AA1551C02;;;;;;0;0;0;{'1': []}
AP21418;AP21418;AP21418;;;;;;0;0;0;{'1': []}
AP20953;AP20953;AP20953;;;;;;0;0;0;{'1': []}
AP22180;AP22180;AP22180;;;;;;0;0;0;{'1': []}
AP23893;AP23893;AP23893;;;;;;0;0;0;{'1': []}
AP22156;AP22156;AP22156;;;;;;0;0;0;{'1': []}
AP20010;AP20010;AP20010;;;;;;0;0;0;{'1': []}
AP22157;AP22157;AP22157;;;;;;0;0;0;{'1': []}
AP24278;AP24278;AP24278;;;300;150;;300;150;0;{'1': [4289, 4515, 2533, 1097, 4681, 1099, 4079, 208, 4049, 1970, 2006, 4317, 1977, 1917, 1918]}
AP22971;AP22971;AP22971;;;;;;0;0;0;{'1': []}
AP21963;AP21963;AP21963;;;;;;0;0;0;{'1': []}
AP22973;AP22973;AP22973;;;;;;0;0;0;{'1': []}
AP24563;AP24563;AP24563;;;;;;0;0;0;{'1': []}
AP22458;AP22458;AP22458;;;30;;;30;0;0;{'1': [4667]}
AP23541;AP23541;AP23541;;;930;;;930;0;0;{'1': [2465, 4899, 4296, 4379, 1304, 1307, 4413, 2463]}
AP22460;AP22460;AP22460;;;;;;0;0;0;{'1': []}
AP22365;AP22365;AP22365;;;21;42;;21;42;0;{'1': [461, 2870, 775]}
AP22459;AP22459;AP22459;;;;;;0;0;0;{'1': []}
AP21131;AP21131;AP21131;;;;;;0;0;0;{'1': []}
AP23766;AP23766;AP23766;;;;;;0;0;0;{'1': []}
AP22535;AP22535;AP22535;;;;;;0;0;0;{'1': []}
AP20957;AP20957;AP20957;;;;;;0;0;0;{'1': []}
AP20958;AP20958;AP20958;;;;;;0;0;0;{'1': []}
AP22293;AP22293;AP22293;;;;;;0;0;0;{'1': [3277]}
AP21083;AP21083;AP21083;;;;;;0;0;0;{'1': []}
AP20955;AP20955;AP20955;;;;;;0;0;0;{'1': []}
AP22126;AP22126;AP22126;;;;;;0;0;0;{'1': []}
AP21624;AP21624;AP21624;;;75;30;;75;30;0;{'1': [4707, 499, 4389, 725]}
AP20567;AP20567;AP20567;;;;;;0;0;0;{'1': []}
AP21165;AP21165;AP21165;;;;;;0;0;0;{'1': []}
AP23570;AP23570;AP23570;;;30;;;30;0;0;{'1': [2099]}
AP24226;AP24226;AP24226;;;;;;0;0;0;{'1': []}
AP23575;AP23575;AP23575;;;25;20;;25;20;0;{'1': [1506, 599, 2567, 110, 2863, 1463, 1244]}
AP21180;AP21180;AP21180;;;;;;0;0;0;{'1': []}
AP22803;AP22803;AP22803;;;;;;0;0;0;{'1': []}
AP22650;AP22650;AP22650;;;;;;0;0;0;{'1': []}
AP22647;AP22647;AP22647;;;;18;;0;18;0;{'1': [2255]}
AP24258;AP24258;AP24258;;;;;;0;0;0;{'1': []}
AP22648;AP22648;AP22648;;;20;50;;20;50;0;{'1': [4611, 4631, 4708, 4218, 4647, 4775, 4426, 4778, 4236, 4237, 4367, 4435, 4340, 4437, 4471, 4282, 4635]}
AP21893;AP21893;AP21893;;;;;;0;0;0;{'1': []}
AP22654;AP22654;AP22654;;;;;;0;0;0;{'1': []}
AP20553;AP20553;AP20553;;;;;;0;0;0;{'1': []}
AP22645;AP22645;AP22645;;;8;46;;8;46;0;{'1': [3426, 3300, 4486, 4487, 4591, 4208, 3315, 3316, 3669, 4341, 3383, 4280, 3195, 2943]}
AP23960;AP23960;AP23960;;;60;120;;60;120;0;{'1': [164, 3238, 138, 336, 4502, 4062]}
AP23027;AP23027;AP23027;;;;;;0;0;0;{'1': []}
AP21598;AP21598;AP21598;;;;;;0;0;0;{'1': []}
AP22559;AP22559;AP22559;;;;;;0;0;0;{'1': []}
AP20921;AP20921;AP20921;;;;;;0;0;0;{'1': []}
AP24131;AP24131;AP24131;;;;;;0;0;0;{'1': []}
AP23646;AP23646;AP23646;;;;;;0;0;0;{'1': []}
AP21024;AP21024;AP21024;;;;;;0;0;0;{'1': []}
AP22284;AP22284;AP22284;;;;;;0;0;0;{'1': []}
AP21027;AP21027;AP21027;;;;;;0;0;0;{'1': []}
AP20967;AP20967;AP20967;;;30;;;30;0;0;{'1': [3431]}
AP21811;AP21811;AP21811;;;;;;0;0;0;{'1': []}
AP23540;AP23540;AP23540;;;540;310;;540;310;0;{'1': [2946, 2467, 4387, 4103, 1902, 1806, 2993, 3899]}
AP21809;AP21809;AP21809;;;;;;0;0;0;{'1': []}
AP23544;AP23544;AP23544;;;140;50;;140;50;0;{'1': [4104, 2994, 4378, 1901]}
AP21810;AP21810;AP21810;;;;;;0;0;0;{'1': []}
AP22362;AP22362;AP22362;;;14;21;;14;21;0;{'1': [574, 1399]}
AP21355;AP21355;AP21355;;;;;;0;0;0;{'1': []}
AP20835;AP20835;AP20835;;;966;;;966;0;0;{'1': [801, 1729, 99, 4777, 1197, 1936, 4498, 2742, 4118, 2969, 4381, 1727]}
AP22302;AP22302;AP22302;;;;;;0;0;0;{'1': []}
AP20513;AP20513;AP20513;;;;;;0;0;0;{'1': []}
AP23084;AP23084;AP23084;;;;;;0;0;0;{'1': []}
AP23848;AP23848;AP23848;;;;;;0;0;0;{'1': []}
AP23850;AP23850;AP23850;;;;;;0;0;0;{'1': []}
AP23851;AP23851;AP23851;;;;;;0;0;0;{'1': []}
AP21619;AP21619;AP21619;;;;;;0;0;0;{'1': []}
AP22767;AP22767;AP22767;;;;;;0;0;0;{'1': []}
AP22291;AP22291;AP22291;;;;;;0;0;0;{'1': [3034, 2963]}
AP21290;AP21290;AP21290;;;;;;0;0;0;{'1': []}
AP21414;AP21414;AP21414;;;;;;0;0;0;{'1': []}
AP22118;AP22118;AP22118;;;;;;0;0;0;{'1': []}
AP21416;AP21416;AP21416;;;;;;0;0;0;{'1': []}
AP21548;AP21548;AP21548;;;;;;0;0;0;{'1': []}
AP23668;AP23668;AP23668;;;;;;0;0;0;{'1': []}
AP21621;AP21621;AP21621;;;67;;;67;0;0;{'1': [2424, 146, 1378]}
AP21443;AP21443;AP21443;;;;;;0;0;0;{'1': []}
AP21956;AP21956;AP21956;;;;30;;0;30;0;{'1': [623]}
AP21444;AP21444;AP21444;;;;;;0;0;0;{'1': []}
AP21445;AP21445;AP21445;;;;;;0;0;0;{'1': []}
AP20664;AP20664;AP20664;;;;;;0;0;0;{'1': []}
AP23664;AP23664;AP23664;;;2;;;2;0;0;{'1': [4728]}
AP22716;AP22716;AP22716;;;;;;0;0;0;{'1': []}
AP23667;AP23667;AP23667;;;;;;0;0;0;{'1': []}
AP22282;AP22282;AP22282;;;;;;0;0;0;{'1': []}
AP24287;AP24287;AP24287;;;;;;0;0;0;{'1': []}
AP24291;AP24291;AP24291;;;;;;0;0;0;{'1': []}
AP20954;AP20954;AP20954;;;;;;0;0;0;{'1': []}
AP24261;AP24261;AP24261;;;;;;0;0;0;{'1': []}
AP24269;AP24269;AP24269;;;;;;0;0;0;{'1': []}
AP21020;AP21020;AP21020;;;;;;0;0;0;{'1': []}
AP20871;AP20871;AP20871;;;;;;0;0;0;{'1': []}
AP21234;AP21234;AP21234;;;;;;0;0;0;{'1': []}
L01XA0231C03;L01XA0231C03;L01XA0231C03;;;;;;0;0;0;{'1': []}
AP22080;AP22080;AP22080;;;;;;0;0;0;{'1': []}
AP22928;AP22928;AP22928;;;;;;0;0;0;{'1': []}
106771;106771;106771;;;;;;0;0;0;{'1': []}
AP23272;AP23272;AP23272;;;;;;0;0;0;{'1': []}
AP21629;AP21629;AP21629;;;;60;;0;60;0;{'1': [700]}
AP22929;AP22929;AP22929;;;;;;0;0;0;{'1': []}
AP20011;AP20011;AP20011;;;;;;0;0;0;{'1': []}
AP23275;AP23275;AP23275;;;;;;0;0;0;{'1': []}
AP20552;AP20552;AP20552;;;;;;0;0;0;{'1': []}
AP23277;AP23277;AP23277;;;;;;0;0;0;{'1': []}
AP21781;AP21781;AP21781;;;28;;;28;0;0;{'1': [2724]}
AP23276;AP23276;AP23276;;;;;;0;0;0;{'1': []}
AP23654;AP23654;AP23654;;;;;;0;0;0;{'1': []}
AP23684;AP23684;AP23684;;;;;;0;0;0;{'1': []}
AP24083;AP24083;AP24083;;;112;28;;112;28;0;{'1': [2058, 2061, 4878, 2420, 2677]}
AP23685;AP23685;AP23685;;;;;;0;0;0;{'1': []}
AP21597;AP21597;AP21597;;;;;;0;0;0;{'1': []}
AP20635;AP20635;AP20635;;;;;;0;0;0;{'1': []}
AP22151;AP22151;AP22151;;;;;;0;0;0;{'1': []}
AP22229;AP22229;AP22229;;;;;;0;0;0;{'1': []}
AP20178;AP20178;AP20178;;;;;;0;0;0;{'1': []}
AP20676;AP20676;AP20676;;;;;;0;0;0;{'1': []}
AP21962;AP21962;AP21962;;;;;;0;0;0;{'1': []}
AP23045;AP23045;AP23045;;;;;;0;0;0;{'1': []}
AP23744;AP23744;AP23744;;;;;;0;0;0;{'1': []}
AP23686;AP23686;AP23686;;;;;;0;0;0;{'1': []}
AP23647;AP23647;AP23647;;;;;;0;0;0;{'1': []}
AP22874;AP22874;AP22874;;;;;;0;0;0;{'1': []}
0;0;0;;;;;;0;0;0;{'1': []}
AP22875;AP22875;AP22875;;;;;;0;0;0;{'1': []}
AP24074;AP24074;AP24074;;;;;;0;0;0;{'1': []}
AP23025;AP23025;AP23025;;;;;;0;0;0;{'1': []}
AP24523;AP24523;AP24523;;;;;;0;0;0;{'1': []}
AP24102;AP24102;AP24102;;;;;;0;0;0;{'1': []}
AP20970;AP20970;AP20970;;;;;;0;0;0;{'1': []}
AP22130;AP22130;AP22130;;;90;120;;90;120;0;{'1': [1985, 1634, 931, 874, 1130, 4629, 2491]}
AP20966;AP20966;AP20966;;;;;;0;0;0;{'1': []}
AP21898;AP21898;AP21898;;;;;;0;0;0;{'1': []}
AP23539;AP23539;AP23539;;;;;;0;0;0;{'1': []}
AP23490;AP23490;AP23490;;;;120;;0;120;0;{'1': [2169, 2151]}
AP23542;AP23542;AP23542;;;;;;0;0;0;{'1': []}
AP21213;AP21213;AP21213;;;120;120;;120;120;0;{'1': [4, 776, 3660, 2573, 526, 2318, 3734, 1369]}
AP21216;AP21216;AP21216;;;;;;0;0;0;{'1': []}
AP22649;AP22649;AP22649;;;40;39;;40;39;0;{'1': [4353, 4230, 391, 4615, 4622, 3215, 3479, 3247, 2995, 584, 2890, 3036, 3549, 2783, 2147, 2917, 3436, 4847, 498, 3190, 2040, 4732, 2941]}
AP22841;AP22841;AP22841;;;;;;0;0;0;{'1': []}
AP22363;AP22363;AP22363;;;;;;0;0;0;{'1': []}
AP22842;AP22842;AP22842;;;;;;0;0;0;{'1': []}
AP23111;AP23111;AP23111;;;;;;0;0;0;{'1': []}
AP21171;AP21171;AP21171;;;;;;0;0;0;{'1': []}
AP20512;AP20512;AP20512;;;;;;0;0;0;{'1': []}
AP23312;AP23312;AP23312;;;60;60;;60;60;0;{'1': [43, 4877]}
AP20017;AP20017;AP20017;;;;;;0;0;0;{'1': []}
AP23310;AP23310;AP23310;;;240;;;240;0;0;{'1': [2015, 2807, 1502, 2007]}
AP23112;AP23112;AP23112;;;120;;;120;0;0;{'1': [802, 3892]}
AP22096;AP22096;AP22096;;;60;120;;60;120;0;{'1': [504, 509]}
AP24285;AP24285;AP24285;;;;;;0;0;0;{'1': []}
AP22957;AP22957;AP22957;;;21;;;21;0;0;{'1': [373]}
AP22105;AP22105;AP22105;;;15;;;15;0;0;{'1': [1039]}
AP22958;AP22958;AP22958;;;;21;;0;21;0;{'1': [2340]}
AP22108;AP22108;AP22108;;;;;;0;0;0;{'1': []}
AP22925;AP22925;AP22925;;;30;60;;30;60;0;{'1': [321, 3691, 319]}
AP24056;AP24056;AP24056;;;;;;0;0;0;{'1': []}
AP23246;AP23246;AP23246;;;;;;0;0;0;{'1': []}
AP24215;AP24215;AP24215;;;60;;;60;0;0;{'1': [1827]}
AP23935;AP23935;AP23935;;;;;;0;0;0;{'1': []}
AP20475;AP20475;AP20475;;;;;;0;0;0;{'1': []}
AP23527;AP23527;AP23527;;;;;;0;0;0;{'1': []}
AP22295;AP22295;AP22295;;;;;;0;0;0;{'1': []}
AP23528;AP23528;AP23528;;;;;;0;0;0;{'1': []}
AP22934;AP22934;AP22934;;;;;;0;0;0;{'1': []}
AP22054;AP22054;AP22054;;;;;;0;0;0;{'1': []}
AP22120;AP22120;AP22120;;;;;;0;0;0;{'1': []}
AP23702;AP23702;AP23702;;;;;;0;0;0;{'1': []}
AP22010;AP22010;AP22010;;;;;;0;0;0;{'1': []}
AP22239;AP22239;AP22239;;;;;;0;0;0;{'1': []}
AP20671;AP20671;AP20671;;;;;;0;0;0;{'1': []}
AP22119;AP22119;AP22119;;;;;;0;0;0;{'1': []}
AP23854;AP23854;AP23854;;;;;;0;0;0;{'1': []}
AP22523;AP22523;AP22523;;;;;;0;0;0;{'1': []}
AP22892;AP22892;AP22892;;;;;;0;0;0;{'1': []}
AP20919;AP20919;AP20919;;;;30;;0;30;0;{'1': [3]}
AP22369;AP22369;AP22369;;;;;;0;0;0;{'1': []}
AP21623;AP21623;AP21623;;;314;30;;314;30;0;{'1': [3232, 4224, 3362, 677, 4454, 616, 298, 531, 789, 1112, 123, 4444, 1886, 799]}
AP22372;AP22372;AP22372;;;;;;0;0;0;{'1': []}
AP21622;AP21622;AP21622;;;255;;;255;0;0;{'1': [2816, 3523, 4875, 2988, 4148, 3094, 3350, 1561, 282, 3197]}
AP21965;AP21965;AP21965;;;;;;0;0;0;{'1': []}
AP21162;AP21162;AP21162;;;;30;;0;30;0;{'1': [4346]}
AP21966;AP21966;AP21966;;;;;;0;0;0;{'1': []}
AP22844;AP22844;AP22844;;;;;;0;0;0;{'1': []}
AP23726;AP23726;AP23726;;;;;;0;0;0;{'1': []}
AP21152;AP21152;AP21152;;;;;;0;0;0;{'1': []}
AP23727;AP23727;AP23727;;;;;;0;0;0;{'1': []}
AP21164;AP21164;AP21164;;;;;;0;0;0;{'1': []}
AP23555;AP23555;AP23555;;;30;60;;30;60;0;{'1': [2772, 3397, 2462]}
AP21615;AP21615;AP21615;;;;;;0;0;0;{'1': []}
AP21869;AP21869;AP21869;;;;;;0;0;0;{'1': []}
AP20637;AP20637;AP20637;;;;;;0;0;0;{'1': []}
AP23665;AP23665;AP23665;;;;;;0;0;0;{'1': []}
AP20638;AP20638;AP20638;;;;;;0;0;0;{'1': []}
AP23666;AP23666;AP23666;;;;;;0;0;0;{'1': []}
AP21491;AP21491;AP21491;;;720;240;;720;240;0;{'1': [3777, 4741, 3687, 1578, 4203, 4561, 4500, 3135]}
L02BB0413C01;L02BB0413C01;L02BB0413C01;;;;;;0;0;0;{'1': []}
AP23992;AP23992;AP23992;;;1080;600;;1080;600;0;{'1': [545, 578, 643, 1510, 201, 4716, 397, 1710, 3121, 280, 2777, 3355, 4057, 61]}
AP20537;AP20537;AP20537;;;;;;0;0;0;{'1': []}
L02BB0513C02;L02BB0513C02;L02BB0513C02;;;;;;0;0;0;{'1': []}
AP23637;AP23637;AP23637;;;;;;0;0;0;{'1': []}
AP24271;AP24271;AP24271;;;;120;;0;120;0;{'1': [2249]}
AP23625;AP23625;AP23625;;;;;;0;0;0;{'1': []}
AP20437;AP20437;AP20437;;;;30;;0;30;0;{'1': [24]}
AP22366;AP22366;AP22366;;;90;270;;90;270;0;{'1': [4545, 3043, 1540, 4040, 2313, 3787, 3870, 3857, 1173, 4922, 4699, 702]}
AP20956;AP20956;AP20956;;;60;;;60;0;0;{'1': [744]}
AP21635;AP21635;AP21635;;;;;;0;0;0;{'1': []}
AP20012;AP20012;AP20012;;;120;360;;120;360;0;{'1': [456, 4865, 482, 485]}
AP21701;AP21701;AP21701;;;;;;0;0;0;{'1': []}
AP23012;AP23012;AP23012;;;;;;0;0;0;{'1': []}
AP21703;AP21703;AP21703;;;;;;0;0;0;{'1': []}
AP22215;AP22215;AP22215;;;;;;0;0;0;{'1': []}
AP23021;AP23021;AP23021;;;4;;;4;0;0;{'1': [1609, 1610]}
AP22217;AP22217;AP22217;;;;;;0;0;0;{'1': []}
AP22095;AP22095;AP22095;;;;;;0;0;0;{'1': []}
AP20969;AP20969;AP20969;;;;6;;0;6;0;{'1': [312, 329, 1678, 959]}
AP23894;AP23894;AP23894;;;;;;0;0;0;{'1': []}
AP20968;AP20968;AP20968;;;;;;0;0;0;{'1': []}
AP21235;AP21235;AP21235;;;;;;0;0;0;{'1': []}
AP22164;AP22164;AP22164;;;;;;0;0;0;{'1': []}
AP23447;AP23447;AP23447;;;;;;0;0;0;{'1': []}
128912;128912;128912;;;;;;0;0;0;{'1': []}
119690;119690;119690;;;;;;0;0;0;{'1': []}
AP23451;AP23451;AP23451;;;;;;0;0;0;{'1': []}
121565;121565;121565;;;;;;0;0;0;{'1': []}
AP23452;AP23452;AP23452;;;750;180;;750;180;0;{'1': [4386, 2780, 4102, 1532, 2319, 2259, 4412, 2712, 1305, 1308]}
AP23405;AP23405;AP23405;;;;;;0;0;0;{'1': []}
AP22446;AP22446;AP22446;;;;;;0;0;0;{'1': []}
AP23705;AP23705;AP23705;;;;;;0;0;0;{'1': []}
AP21045;AP21045;AP21045;;;;;;0;0;0;{'1': []}
AP21512;AP21512;AP21512;;;;;;0;0;0;{'1': []}
AP23247;AP23247;AP23247;;;;;;0;0;0;{'1': []}
AP21508;AP21508;AP21508;;;;;;0;0;0;{'1': []}
AP22423;AP22423;AP22423;;;;;;0;0;0;{'1': []}
AP20515;AP20515;AP20515;;;;;;0;0;0;{'1': []}
AP20275;AP20275;AP20275;;;;;;0;0;0;{'1': []}
AP23947;AP23947;AP23947;;;;4;;0;4;0;{'1': [4724, 4726]}
AP24073;AP24073;AP24073;;;;;;0;0;0;{'1': []}
AP22415;AP22415;AP22415;;;;;;0;0;0;{'1': []}
AP23917;AP23917;AP23917;;;720;660;;720;660;0;{'1': [386, 4742, 4743, 1170, 1047, 664, 1051, 4507, 4508, 4510, 4894, 4896, 4644, 3371, 685, 46, 48, 1587, 692, 1588, 2102, 4794, 187, 4668, 1086, 4800, 833, 1094, 1095, 4682, 4171, 1228, 4044, 2511, 4303, 4694, 1246, 3689, 4719, 4848, 1266, 1267, 4599, 4600, 4731, 1278]}
AP22280;AP22280;AP22280;;;;2;;0;2;0;{'1': [3972, 3807]}
AP21046;AP21046;AP21046;;;;;;0;0;0;{'1': []}
AP21047;AP21047;AP21047;;;;;;0;0;0;{'1': []}
AP21055;AP21055;AP21055;;;;;;0;0;0;{'1': []}
AP21283;AP21283;AP21283;;;;;;0;0;0;{'1': []}
AP21228;AP21228;AP21228;;;;;;0;0;0;{'1': []}
AP22419;AP22419;AP22419;;;;;;0;0;0;{'1': []}
AP22673;AP22673;AP22673;;;;;;0;0;0;{'1': []}
AP22996;AP22996;AP22996;;;;;;0;0;0;{'1': []}
AP20424;AP20424;AP20424;;;;;;0;0;0;{'1': []}
AP22241;AP22241;AP22241;;;;;;0;0;0;{'1': []}
J01DH0310C01;J01DH0310C01;J01DH0310C01;;;;;;0;0;0;{'1': []}
AP21766;AP21766;AP21766;;;;;;0;0;0;{'1': []}
AP20639;AP20639;AP20639;;;;;;0;0;0;{'1': []}
AP22274;AP22274;AP22274;;;;;;0;0;0;{'1': []}
AP20640;AP20640;AP20640;;;;;;0;0;0;{'1': []}
AP24027;AP24027;AP24027;;;;;;0;0;0;{'1': []}
AP22417;AP22417;AP22417;;;100;50;;100;50;0;{'1': [1699, 2118, 1743, 3922, 792, 1789]}
AP20556;AP20556;AP20556;;;;;;0;0;0;{'1': []}
AP22421;AP22421;AP22421;;;55;225;;55;225;0;{'1': [2052, 1189, 233, 3758, 4433, 4443, 4884, 315, 4445, 1438]}
AP20559;AP20559;AP20559;;;;;;0;0;0;{'1': []}
AP22425;AP22425;AP22425;;;50;;;50;0;0;{'1': [369, 3915]}
AP21955;AP21955;AP21955;;;;;;0;0;0;{'1': []}
AP20979;AP20979;AP20979;;;240;390;;240;390;0;{'1': [1440, 2112, 1123, 2691, 4388, 646, 167, 841, 1803, 2124, 2507, 4243, 628, 3317, 1306, 1915, 1309]}
AP24263;AP24263;AP24263;;;;;;0;0;0;{'1': []}
AP23506;AP23506;AP23506;;;;;;0;0;0;{'1': []}
AP22404;AP22404;AP22404;;;63;;;63;0;0;{'1': [4834, 4739, 4879, 4837, 1685, 1181, 1950, 4012, 175, 182, 183, 186, 191, 3650, 2939, 4826, 3272, 4827, 77, 78, 3407, 4813, 81, 82, 4814, 4816, 85, 86, 4817, 88, 89, 90, 4820, 4821, 4823, 94, 606, 4824, 4825, 98, 3811, 100, 3812, 3813, 103, 3815, 4828, 3818, 107, 3819, 109, 3820, 3821, 3822, 113, 3824, 115, 3825, 4594, 4830, 4831, 891, 4833]}
AP23963;AP23963;AP23963;;;;;;0;0;0;{'1': []}
AP22453;AP22453;AP22453;;;;;;0;0;0;{'1': []}
AP22519;AP22519;AP22519;;;;;;0;0;0;{'1': []}
AP22868;AP22868;AP22868;;;;;;0;0;0;{'1': []}
AP24300;AP24300;AP24300;;;2;1;;2;1;0;{'1': [1499, 989, 767]}
AP23603;AP23603;AP23603;;;2;5;;2;5;0;{'1': [4737, 3366, 359, 4359, 1362, 3191, 3357]}
AP23114;AP23114;AP23114;;;;;;0;0;0;{'1': []}
AP24203;AP24203;AP24203;;;;;;0;0;0;{'1': []}
AP21194;AP21194;AP21194;;;;;;0;0;0;{'1': []}
AP21583;AP21583;AP21583;;;;;;0;0;0;{'1': []}
AP21582;AP21582;AP21582;;;;;;0;0;0;{'1': []}
AP23954;AP23954;AP23954;;;;;;0;0;0;{'1': []}
AP23153;AP23153;AP23153;;;1;;;1;0;0;{'1': [4610]}
AP23704;AP23704;AP23704;;;;;;0;0;0;{'1': []}
AP23612;AP23612;AP23612;;;;;;0;0;0;{'1': []}
AP22414;AP22414;AP22414;;;60;60;;60;60;0;{'1': [472, 467, 1179, 4734]}
AP22416;AP22416;AP22416;;;30;;;30;0;0;{'1': [2790]}
AP22418;AP22418;AP22418;;;25;;;25;0;0;{'1': [2289]}
AP22420;AP22420;AP22420;;;;;;0;0;0;{'1': []}
AP22422;AP22422;AP22422;;;240;720;;240;720;0;{'1': [256, 640, 4874, 4883, 3998, 1958, 1960, 3752, 4392, 2094, 431, 1716, 3764, 314, 450, 451, 1731, 80, 1232, 4432, 1366, 3542, 2905, 346, 345, 4059, 3677, 3936, 232, 3695, 4470, 4088, 4735]}
AP22424;AP22424;AP22424;;;;;;0;0;0;{'1': []}
AP23599;AP23599;AP23599;;;;;;0;0;0;{'1': []}
AP23976;AP23976;AP23976;;;;61;;0;61;0;{'1': [2609, 3274, 3340]}
AP21168;AP21168;AP21168;;;;;;0;0;0;{'1': []}
AP20980;AP20980;AP20980;;;;;;0;0;0;{'1': []}
AP21011;AP21011;AP21011;;;;;;0;0;0;{'1': []}
AP22998;AP22998;AP22998;;;;;;0;0;0;{'1': []}
AP23734;AP23734;AP23734;;;;;;0;0;0;{'1': []}
AP20413;AP20413;AP20413;;;;;;0;0;0;{'1': []}
AP22708;AP22708;AP22708;;;;;;0;0;0;{'1': []}
AP20272;AP20272;AP20272;;;;;;0;0;0;{'1': []}
AP20890;AP20890;AP20890;;;;;;0;0;0;{'1': []}
AP20886;AP20886;AP20886;;;;;;0;0;0;{'1': []}
AP23376;AP23376;AP23376;;;;60;;0;60;0;{'1': [630]}
AP23546;AP23546;AP23546;;;;;;0;0;0;{'1': []}
AP20248;AP20248;AP20248;;;;;;0;0;0;{'1': []}
AP21040;AP21040;AP21040;;;;;;0;0;0;{'1': []}
AP20521;AP20521;AP20521;;;;;;0;0;0;{'1': []}
AP24219;AP24219;AP24219;;;420;450;;420;450;0;{'1': [384, 7, 523, 4239, 2584, 418, 3746, 166, 2093, 3761, 4020, 53, 4279, 2616, 964, 69, 1093, 1735, 1989, 3537, 4452, 3949, 625, 3444, 3189, 3445, 124, 3837, 383]}
AP21779;AP21779;AP21779;;;;;;0;0;0;{'1': []}
AP21778;AP21778;AP21778;;;;;;0;0;0;{'1': []}
AP23635;AP23635;AP23635;;;;;;0;0;0;{'1': []}
AP23486;AP23486;AP23486;;;104;77;;104;77;0;{'1': [2048, 2, 1667, 1669, 4614, 2439, 4745, 2698, 2444, 2448, 2070, 4509, 3231, 673, 1954, 1955, 2209, 2596, 1062, 4771, 2216, 1836, 813, 1198, 1838, 2743, 569, 2746, 1979, 2622, 1089, 2498, 4802, 2119, 200, 457, 840, 2632, 3704, 4425, 335, 4434, 1111, 1888, 866, 3046, 1896, 1898, 3180, 2414, 2416, 2801, 1014, 254, 1016, 1916, 1662, 1663]}
AP23487;AP23487;AP23487;;;;;;0;0;0;{'1': []}
AP23482;AP23482;AP23482;;;;;;0;0;0;{'1': []}
AP23484;AP23484;AP23484;;;;;;0;0;0;{'1': []}
AP20589;AP20589;AP20589;;;;;;0;0;0;{'1': []}
AP21863;AP21863;AP21863;;;;;;0;0;0;{'1': []}
AP21245;AP21245;AP21245;;;;;;0;0;0;{'1': []}
AP21246;AP21246;AP21246;;;;;;0;0;0;{'1': []}
AP22884;AP22884;AP22884;;;;;;0;0;0;{'1': []}
AP21797;AP21797;AP21797;;;200;100;;200;100;0;{'1': [3784, 3782, 3462, 3463]}
AP23855;AP23855;AP23855;;;;;;0;0;0;{'1': []}
AP20603;AP20603;AP20603;;;1;;;1;0;0;{'1': [2441]}
AP22252;AP22252;AP22252;;;;;;0;0;0;{'1': []}
AP20160;AP20160;AP20160;;;;;;0;0;0;{'1': []}
AP21634;AP21634;AP21634;;;;;;0;0;0;{'1': []}
AP20185;AP20185;AP20185;;;18;3;;18;3;0;{'1': [2693, 2066, 276, 919, 794, 936, 301, 1454, 943, 951, 956, 1361, 1873, 1367, 985, 111, 3572, 245, 1147, 764, 2815]}
AP20642;AP20642;AP20642;;;;;;0;0;0;{'1': []}
AP21332;AP21332;AP21332;;;;;;0;0;0;{'1': []}
AP20673;AP20673;AP20673;;;;60;;0;60;0;{'1': [1218]}
AP20303;AP20303;AP20303;;;30;90;;30;90;0;{'1': [1448, 1449, 3221, 3223]}
AP23260;AP23260;AP23260;;;168;;;168;0;0;{'1': [40, 1579]}
AP23257;AP23257;AP23257;;;;;;0;0;0;{'1': []}
AP22499;AP22499;AP22499;;;90;90;;90;90;0;{'1': [2243, 1290, 3950, 2735, 3539, 2302]}
AP23590;AP23590;AP23590;;;;;;0;0;0;{'1': []}
AP20609;AP20609;AP20609;;;1;3;;1;3;0;{'1': [56, 3555, 3552, 54]}
AP22016;AP22016;AP22016;;;;;;0;0;0;{'1': []}
AP20228;AP20228;AP20228;;;;;;0;0;0;{'1': []}
AP20374;AP20374;AP20374;;;;;;0;0;0;{'1': []}
AP23319;AP23319;AP23319;;;;60;;0;60;0;{'1': [3591]}
AP20174;AP20174;AP20174;;;;;;0;0;0;{'1': []}
AP21661;AP21661;AP21661;;;;;;0;0;0;{'1': []}
AP22324;AP22324;AP22324;;;;;;0;0;0;{'1': []}
AP23591;AP23591;AP23591;;;;;;0;0;0;{'1': []}
AP20281;AP20281;AP20281;;;;;;0;0;0;{'1': []}
AP21877;AP21877;AP21877;;;;;;0;0;0;{'1': []}
AP22664;AP22664;AP22664;;;;;;0;0;0;{'1': []}
AP20977;AP20977;AP20977;;;;;;0;0;0;{'1': []}
AP22726;AP22726;AP22726;;;;;;0;0;0;{'1': []}
AP20978;AP20978;AP20978;;;;;;0;0;0;{'1': []}
AP20763;AP20763;AP20763;;;;;;0;0;0;{'1': []}
AP20376;AP20376;AP20376;;;;;;0;0;0;{'1': []}
AP24575;AP24575;AP24575;;;;;;0;0;0;{'1': []}
AP23402;AP23402;AP23402;;;;;;0;0;0;{'1': []}
AP22444;AP22444;AP22444;;;15;;;15;0;0;{'1': [2561, 3553, 1925, 3112, 1611, 15, 2098, 2548, 1592, 1405, 127]}
AP21392;AP21392;AP21392;;;;;;0;0;0;{'1': []}
AP20501;AP20501;AP20501;;;;;;0;0;0;{'1': []}
AP22036;AP22036;AP22036;;;;;;0;0;0;{'1': []}
AP21393;AP21393;AP21393;;;;;;0;0;0;{'1': []}
AP21660;AP21660;AP21660;;;;;;0;0;0;{'1': []}
AP21395;AP21395;AP21395;;;;;;0;0;0;{'1': []}
AP20175;AP20175;AP20175;;;;;;0;0;0;{'1': []}
AP21655;AP21655;AP21655;;;60;;;60;0;0;{'1': [295]}
AP20254;AP20254;AP20254;;;;;;0;0;0;{'1': []}
AP24210;AP24210;AP24210;;;;30;;0;30;0;{'1': [4650]}
AP22637;AP22637;AP22637;;;;;;0;0;0;{'1': []}
AP22289;AP22289;AP22289;;;;;;0;0;0;{'1': []}
AP20643;AP20643;AP20643;;;;;;0;0;0;{'1': []}
AP23588;AP23588;AP23588;;;;;;0;0;0;{'1': []}
AP20485;AP20485;AP20485;;;;;;0;0;0;{'1': []}
AP21125;AP21125;AP21125;;;;;;0;0;0;{'1': []}
AP20352;AP20352;AP20352;;;;;;0;0;0;{'1': []}
AP23877;AP23877;AP23877;;;;;;0;0;0;{'1': []}
AP20278;AP20278;AP20278;;;;2;;0;2;0;{'1': [3386, 4007]}
AP20659;AP20659;AP20659;;;60;45;;60;45;0;{'1': [3370, 468, 4733]}
AP20227;AP20227;AP20227;;;;;;0;0;0;{'1': []}
AP22809;AP22809;AP22809;;;;;;0;0;0;{'1': []}
AP20662;AP20662;AP20662;;;;;;0;0;0;{'1': []}
AP20599;AP20599;AP20599;;;;;;0;0;0;{'1': []}
AP20663;AP20663;AP20663;;;;;;0;0;0;{'1': []}
AP21065;AP21065;AP21065;;;12;;;12;0;0;{'1': [49, 2054, 3705]}
AP21802;AP21802;AP21802;;;;;;0;0;0;{'1': []}
AP20181;AP20181;AP20181;;;16;3;;16;3;0;{'1': [1597, 3395, 3749, 331, 3199, 1201, 2033, 3442, 2879, 3733, 4598, 856, 601, 2876, 1533, 2047]}
AP20375;AP20375;AP20375;;;;;;0;0;0;{'1': []}
AP20365;AP20365;AP20365;;;;28;;0;28;0;{'1': [1509]}
AP23320;AP23320;AP23320;;;840;660;;840;660;0;{'1': [4096, 4356, 4489, 4490, 4619, 3865, 3874, 1187, 3875, 4003, 1190, 4134, 1194, 2109, 2624, 2114, 4548, 4808, 3792, 4562, 4564, 4188, 4701, 3935, 4322, 4456, 4457, 4592, 4596, 1655, 4220, 4221, 3838]}
AP23318;AP23318;AP23318;;;510;660;;510;660;0;{'1': [2192, 1784, 4254, 1183, 4255, 1068, 2613, 3518, 446, 1857, 4429, 2266, 604, 3808, 865, 1889, 2532, 3684, 2411, 3948, 4206, 3448, 3071]}
AP20176;AP20176;AP20176;;;;;;0;0;0;{'1': []}
AP23302;AP23302;AP23302;;;;;;0;0;0;{'1': []}
AP23298;AP23298;AP23298;;;;;;0;0;0;{'1': []}
AP22466;AP22466;AP22466;;;;;;0;0;0;{'1': []}
AP21740;AP21740;AP21740;;;;;;0;0;0;{'1': []}
AP20986;AP20986;AP20986;;;30;;;30;0;0;{'1': [3701]}
AP20173;AP20173;AP20173;;;30;330;;30;330;0;{'1': [1061, 1319, 1067, 1771, 1969, 2002, 1046, 1718, 1144, 1018, 1021, 1022]}
AP24213;AP24213;AP24213;;;;;;0;0;0;{'1': []}
AP20502;AP20502;AP20502;;;;;;0;0;0;{'1': []}
AP21656;AP21656;AP21656;;;30;90;;30;90;0;{'1': [2651, 1523, 3162, 2095]}
AP20253;AP20253;AP20253;;;;;;0;0;0;{'1': []}
AP20371;AP20371;AP20371;;;;;;0;0;0;{'1': []}
AP21659;AP21659;AP21659;;;;;;0;0;0;{'1': []}
AP21657;AP21657;AP21657;;;;;;0;0;0;{'1': []}
AP20370;AP20370;AP20370;;;;;;0;0;0;{'1': []}
AP21654;AP21654;AP21654;;;;;;0;0;0;{'1': []}
AP20372;AP20372;AP20372;;;;;;0;0;0;{'1': []}
AP22857;AP22857;AP22857;;;4;2;;4;2;0;{'1': [147, 150, 143]}
AP22240;AP22240;AP22240;;;;;;0;0;0;{'1': []}
AP20391;AP20391;AP20391;;;;;;0;0;0;{'1': []}
D01AC0844C01;D01AC0844C01;D01AC0844C01;;;;;;0;0;0;{'1': []}
AP23365;AP23365;AP23365;;;;;;0;0;0;{'1': []}
AP22325;AP22325;AP22325;;;;;;0;0;0;{'1': []}
AP20964;AP20964;AP20964;;;;;;0;0;0;{'1': []}
AP23589;AP23589;AP23589;;;;;;0;0;0;{'1': []}
AP20404;AP20404;AP20404;;;;;;0;0;0;{'1': []}
AP20739;AP20739;AP20739;;;;;;0;0;0;{'1': []}
AP20277;AP20277;AP20277;;;7;3;;7;3;0;{'1': [4453, 4583, 4558, 212, 2645, 2230, 4501, 4344, 3353]}
AP23139;AP23139;AP23139;;;;;;0;0;0;{'1': []}
AP20381;AP20381;AP20381;;;;;;0;0;0;{'1': []}
AP20610;AP20610;AP20610;;;;;;0;0;0;{'1': []}
AP20382;AP20382;AP20382;;;;;;0;0;0;{'1': []}
AP20383;AP20383;AP20383;;;;;;0;0;0;{'1': []}
AP22894;AP22894;AP22894;;;;;;0;0;0;{'1': []}
AP22766;AP22766;AP22766;;;;;;0;0;0;{'1': []}
AP22136;AP22136;AP22136;;;;;;0;0;0;{'1': []}
AP22611;AP22611;AP22611;;;;;;0;0;0;{'1': []}
AP22006;AP22006;AP22006;;;;;;0;0;0;{'1': []}
AP21259;AP21259;AP21259;;;;;;0;0;0;{'1': []}
AP20599;AP20599;AP20599;;;;;;0;0;0;{'1': []}
AP22144;AP22144;AP22144;;;;;;0;0;0;{'1': []}
AP22725;AP22725;AP22725;;;;;;0;0;0;{'1': []}
AP23939;AP23939;AP23939;;;;;;0;0;0;{'1': []}
AP21066;AP21066;AP21066;;;;;;0;0;0;{'1': []}
AP21061;AP21061;AP21061;;;3;;;3;0;0;{'1': [2069]}
AP21064;AP21064;AP21064;;;;;;0;0;0;{'1': []}
AP21067;AP21067;AP21067;;;;;;0;0;0;{'1': []}
AP21879;AP21879;AP21879;;;;;;0;0;0;{'1': []}
AP20831;AP20831;AP20831;;;;;;0;0;0;{'1': []}
AP21273;AP21273;AP21273;;;;;;0;0;0;{'1': []}
AP20620;AP20620;AP20620;;;;;;0;0;0;{'1': []}
AP20619;AP20619;AP20619;;;;;;0;0;0;{'1': []}
AP21996;AP21996;AP21996;;;;;;0;0;0;{'1': []}
AP24474;AP24474;AP24474;;;1;;;1;0;0;{'1': [2298]}
AP21997;AP21997;AP21997;;;;;;0;0;0;{'1': []}
AP20393;AP20393;AP20393;;;;;;0;0;0;{'1': []}
AP20614;AP20614;AP20614;;;;;;0;0;0;{'1': []}
AP23695;AP23695;AP23695;;;;;;0;0;0;{'1': []}
AP23696;AP23696;AP23696;;;;;;0;0;0;{'1': []}
AP20186;AP20186;AP20186;;;;;;0;0;0;{'1': []}
AP20397;AP20397;AP20397;;;;112;;0;112;0;{'1': [641, 1497]}
AP20182;AP20182;AP20182;;;3;;;3;0;0;{'1': [1704, 1036]}
AP20387;AP20387;AP20387;;;;;;0;0;0;{'1': []}
AP22034;AP22034;AP22034;;;;;;0;0;0;{'1': []}
AP20389;AP20389;AP20389;;;;;;0;0;0;{'1': []}
AP20373;AP20373;AP20373;;;;;;0;0;0;{'1': []}
AP20785;AP20785;AP20785;;;;;;0;0;0;{'1': []}
AP22829;AP22829;AP22829;;;;;;0;0;0;{'1': []}
AP22912;AP22912;AP22912;;;98;;;98;0;0;{'1': [2972, 2100, 2909]}
AP21174;AP21174;AP21174;;;;;;0;0;0;{'1': []}
AP22911;AP22911;AP22911;;;;;;0;0;0;{'1': []}
AP20191;AP20191;AP20191;;;;;;0;0;0;{'1': []}
AP22914;AP22914;AP22914;;;;;;0;0;0;{'1': []}
AP23649;AP23649;AP23649;;;;;;0;0;0;{'1': []}
AP22975;AP22975;AP22975;;;;;;0;0;0;{'1': []}
AP21861;AP21861;AP21861;;;;;;0;0;0;{'1': []}
AP23294;AP23294;AP23294;;;;;;0;0;0;{'1': []}
AP23741;AP23741;AP23741;;;;180;;0;180;0;{'1': [3634, 539, 1654]}
AP23418;AP23418;AP23418;;;;;;0;0;0;{'1': []}
AP23741;AP23741;AP23741;;;;180;;0;180;0;{'1': [3634, 539, 1654]}
AP21138;AP21138;AP21138;;;;;;0;0;0;{'1': []}
AP23743;AP23743;AP23743;;;;;;0;0;0;{'1': []}
AP22487;AP22487;AP22487;;;;;;0;0;0;{'1': []}
AP22264;AP22264;AP22264;;;;;;0;0;0;{'1': []}
AP21522;AP21522;AP21522;;;;;;0;0;0;{'1': []}
AP24199;AP24199;AP24199;;;;;;0;0;0;{'1': []}
AP20946;AP20946;AP20946;;;;;;0;0;0;{'1': []}
AP23098;AP23098;AP23098;;;6;;;6;0;0;{'1': [3545, 420]}
AP22826;AP22826;AP22826;;;;;;0;0;0;{'1': []}
AP20781;AP20781;AP20781;;;;;;0;0;0;{'1': []}
AP20148;AP20148;AP20148;;;;30;;0;30;0;{'1': [3161]}
AP21851;AP21851;AP21851;;;;;;0;0;0;{'1': []}
AP23251;AP23251;AP23251;;;;;;0;0;0;{'1': []}
AP22659;AP22659;AP22659;;;;;;0;0;0;{'1': []}
AP23254;AP23254;AP23254;;;;;;0;0;0;{'1': []}
AP23421;AP23421;AP23421;;;;;;0;0;0;{'1': []}
AP23250;AP23250;AP23250;;;;;;0;0;0;{'1': []}
AP22276;AP22276;AP22276;;;;;;0;0;0;{'1': []}
AP23253;AP23253;AP23253;;;28;;;28;0;0;{'1': [2021]}
AP21136;AP21136;AP21136;;;;;;0;0;0;{'1': []}
AP24184;AP24184;AP24184;;;;;;0;0;0;{'1': []}
AP24326;AP24326;AP24326;;;;;;0;0;0;{'1': []}
AP22830;AP22830;AP22830;;;5;;;5;0;0;{'1': [2174, 684, 678]}
AP22823;AP22823;AP22823;;;;;;0;0;0;{'1': []}
AP23934;AP23934;AP23934;;;;;;0;0;0;{'1': []}
AP22562;AP22562;AP22562;;;;;;0;0;0;{'1': []}
AP22567;AP22567;AP22567;;;;;;0;0;0;{'1': []}
AP22568;AP22568;AP22568;;;;;;0;0;0;{'1': []}
AP24183;AP24183;AP24183;;;;;;0;0;0;{'1': []}
AP22566;AP22566;AP22566;;;;;;0;0;0;{'1': []}
AP21472;AP21472;AP21472;;;142;168;;142;168;0;{'1': [230, 1388, 4687, 1909, 3861, 4117, 1912, 3994, 1627]}
AP23316;AP23316;AP23316;;;;;;0;0;0;{'1': []}
AP23317;AP23317;AP23317;;;15;;;15;0;0;{'1': [774]}
AP22065;AP22065;AP22065;;;;;;0;0;0;{'1': []}
AP20531;AP20531;AP20531;;;;;;0;0;0;{'1': []}
AP20470;AP20470;AP20470;;;30;210;;30;210;0;{'1': [2884, 1797, 1391, 3952, 3953, 4505, 858, 2938]}
AP20532;AP20532;AP20532;;;15;;;15;0;0;{'1': [1724]}
AP21519;AP21519;AP21519;;;42;;;42;0;0;{'1': [4520, 2009, 3805, 3585]}
AP22978;AP22978;AP22978;;;;;;0;0;0;{'1': []}
AP21524;AP21524;AP21524;;;12;;;12;0;0;{'1': [3586]}
AP22979;AP22979;AP22979;;;;;;0;0;0;{'1': []}
AP21312;AP21312;AP21312;;;;;;0;0;0;{'1': []}
AP20698;AP20698;AP20698;;;;;;0;0;0;{'1': []}
AP23430;AP23430;AP23430;;;;;;0;0;0;{'1': []}
AP22981;AP22981;AP22981;;;;;;0;0;0;{'1': []}
AP22909;AP22909;AP22909;;;;;;0;0;0;{'1': []}
AP22319;AP22319;AP22319;;;;;;0;0;0;{'1': []}
AP22740;AP22740;AP22740;;;;;;0;0;0;{'1': []}
AP21135;AP21135;AP21135;;;5;30;;5;30;0;{'1': [3595, 2563, 4822, 839]}
AP24194;AP24194;AP24194;;;16;14;;16;14;0;{'1': [3971, 901, 903, 4106, 16, 1177, 1057, 930, 4422, 2639, 4313, 3931, 3803, 990, 1132, 2924, 240, 1524, 1270, 1527, 3318, 505, 4603, 3583]}
AP21140;AP21140;AP21140;;;4;16;;4;16;0;{'1': [3762, 2530, 3477]}
AP21137;AP21137;AP21137;;;;6;;0;6;0;{'1': [1737, 1738, 1766]}
AP21139;AP21139;AP21139;;;;;;0;0;0;{'1': []}
AP20459;AP20459;AP20459;;;740;310;;740;310;0;{'1': [4100, 3078, 3081, 3723, 2572, 3090, 3092, 3607, 3354, 3869, 3873, 3490, 2981, 2982, 3237, 2729, 2730, 3497, 3248, 3123, 4532, 2872, 2873, 2874, 1210, 2492, 2749, 3132, 3389, 3520, 2241, 3266, 3267, 3646, 3142, 4815, 2904, 3040, 3810, 2659, 3045, 2919, 3568, 1400, 3067]}
AP22191;AP22191;AP22191;;;91;44;;91;44;0;{'1': [4864, 1283, 1285, 4871, 9, 2954, 3850, 655, 2320, 3471, 2967, 2588, 3999, 2721, 3365, 1446, 4774, 1064, 2728, 4008, 555, 940, 430, 3889, 562, 2738, 3890, 1589, 1078, 3894, 4919, 1465, 4920, 4283, 2237, 1343, 4033, 1986, 1219, 1988, 2885, 1990, 583, 3015, 969, 4036, 4039, 2384, 209, 4183, 987, 477, 3165, 4063, 4064, 97, 3938, 743, 3947, 4207, 1649, 1522, 2419, 244, 247, 890, 510]}
AP22186;AP22186;AP22186;;;40;20;;40;20;0;{'1': [2690, 268, 269, 271, 2323, 2326, 1432, 3992, 2332, 1053, 4892, 2207, 4653, 952, 64, 65, 1222, 2644, 214, 1242, 1383, 4845, 377, 378, 379]}
AP23971;AP23971;AP23971;;;10;1;;10;1;0;{'1': [1234, 1971, 2669, 1262]}
AP23972;AP23972;AP23972;;;9;21;;9;21;0;{'1': [3200, 1894, 2925, 4910, 720, 1264, 4050, 4913, 1023]}
AP22824;AP22824;AP22824;;;;;;0;0;0;{'1': []}
AP23916;AP23916;AP23916;;;38;26;;38;26;0;{'1': [385, 3457, 3458, 3599, 1693, 4643, 3876, 2220, 558, 1601, 3663, 343, 3417, 1881, 4711, 4330, 3700, 1783, 122, 3452, 4861]}
AP22055;AP22055;AP22055;;;;;;0;0;0;{'1': []}
AP20948;AP20948;AP20948;;;37;;;37;0;0;{'1': [3296, 1478, 3592, 3593, 3785, 4588, 2352, 4595, 1268, 4915, 4790, 3578]}
AP20800;AP20800;AP20800;;;;;;0;0;0;{'1': []}
AP23116;AP23116;AP23116;;;;;;0;0;0;{'1': []}
AP22582;AP22582;AP22582;;;30;;;30;0;0;{'1': [1457]}
AP22584;AP22584;AP22584;;;30;30;;30;30;0;{'1': [19, 1180]}
AP22588;AP22588;AP22588;;;;;;0;0;0;{'1': []}
AP23862;AP23862;AP23862;;;60;30;;60;30;0;{'1': [3644, 517]}
AP22592;AP22592;AP22592;;;;;;0;0;0;{'1': []}
AP21191;AP21191;AP21191;;;;;;0;0;0;{'1': []}
AP21190;AP21190;AP21190;;;28;28;;28;28;0;{'1': [3160, 348]}
AP23682;AP23682;AP23682;;;;;;0;0;0;{'1': []}
AP21784;AP21784;AP21784;;;;;;0;0;0;{'1': []}
AP21595;AP21595;AP21595;;;;;;0;0;0;{'1': []}
AP21471;AP21471;AP21471;;;;25;;0;25;0;{'1': [838]}
AP23407;AP23407;AP23407;;;;;;0;0;0;{'1': []}
AP23408;AP23408;AP23408;;;;;;0;0;0;{'1': []}
AP22064;AP22064;AP22064;;;;;;0;0;0;{'1': []}
AP20472;AP20472;AP20472;;;;;;0;0;0;{'1': []}
AP22448;AP22448;AP22448;;;;;;0;0;0;{'1': []}
AP22060;AP22060;AP22060;;;;;;0;0;0;{'1': []}
AP24499;AP24499;AP24499;;;150;180;;150;180;0;{'1': [258, 455, 2457, 338, 1682, 565, 568, 825, 1691, 670, 671]}
AP20471;AP20471;AP20471;;;90;90;;90;90;0;{'1': [0, 1381, 3240, 3228, 4318, 1375]}
AP24410;AP24410;AP24410;;;60;30;;60;30;0;{'1': [859, 855, 87]}
AP24411;AP24411;AP24411;;;;30;;0;30;0;{'1': [4753]}
AP24094;AP24094;AP24094;;;6;5;;6;5;0;{'1': [4804, 4805, 4806, 3561, 554, 785, 4497, 4722, 2583, 3004, 1214]}
AP24095;AP24095;AP24095;;;;;;0;0;0;{'1': []}
AP21524;AP21524;AP21524;;;12;;;12;0;0;{'1': [3586]}
AP24469;AP24469;AP24469;;;;3;;0;3;0;{'1': [1481]}
AP21525;AP21525;AP21525;;;;2;;0;2;0;{'1': [4912]}
AP22658;AP22658;AP22658;;;;;;0;0;0;{'1': []}
AP20329;AP20329;AP20329;;;;;;0;0;0;{'1': []}
AP21317;AP21317;AP21317;;;;;;0;0;0;{'1': []}
AP21452;AP21452;AP21452;;;;;;0;0;0;{'1': []}
AP23425;AP23425;AP23425;;;;;;0;0;0;{'1': []}
AP23422;AP23422;AP23422;;;;;;0;0;0;{'1': []}
AP23423;AP23423;AP23423;;;;;;0;0;0;{'1': []}
AP23424;AP23424;AP23424;;;;;;0;0;0;{'1': []}
AP23434;AP23434;AP23434;;;;;;0;0;0;{'1': []}
AP23119;AP23119;AP23119;;;;;;0;0;0;{'1': []}
AP22502;AP22502;AP22502;;;;;;0;0;0;{'1': []}
AP20627;AP20627;AP20627;;;;;;0;0;0;{'1': []}
AP22692;AP22692;AP22692;;;;;;0;0;0;{'1': []}
AP23725;AP23725;AP23725;;;;;;0;0;0;{'1': []}
AP23244;AP23244;AP23244;;;;;;0;0;0;{'1': []}
AP22277;AP22277;AP22277;;;;;;0;0;0;{'1': []}
AP20030;AP20030;AP20030;;;;;;0;0;0;{'1': []}
AP22512;AP22512;AP22512;;;;;;0;0;0;{'1': []}
101661;101661;101661;;;;;;0;0;0;{'1': []}
400277;400277;400277;;;60;60;;60;60;0;{'1': [1203, 541, 2795]}
111380;111380;111380;;;16;8;;16;8;0;{'1': [3434, 4780, 2028, 2071, 543]}
129816;129816;129816;;;22;93;;22;93;0;{'1': [3409, 4480, 11, 267, 395, 654, 781, 1549, 657, 148, 1428, 1176, 153, 1434, 413, 925, 1182, 4265, 1322, 1070, 178, 564, 4791, 3768, 4154, 4155, 320, 1221, 3528, 2761, 2762, 2889, 1100, 589, 2764, 3020, 3021, 2769, 3022, 2131, 3023, 3025, 3029, 3278, 3032, 3282, 1882, 4058, 2012, 3529, 2014, 479, 3276, 3531, 1897, 234, 876, 880, 497, 1520, 884, 3534, 3959, 3960, 1148, 2557]}
20122671-1;20122671-1;201226711;;;;;;0;0;0;{'1': []}
109251;109251;109251;;;;4;;0;4;0;{'1': [2423]}
AP22915;AP22915;AP22915;;;450;1260;;450;1260;0;{'1': [130, 2818, 4483, 1286, 1544, 2315, 1567, 1568, 937, 4272, 690, 946, 948, 4533, 439, 1464, 441, 3770, 458, 2763, 3279, 592, 2768, 2770, 3281, 1492, 3028, 3535, 600, 3033, 2670, 4343]}
109252;109252;109252;;;;5;;0;5;0;{'1': [1441, 3359]}
AP20788;AP20788;AP20788;;;;;;0;0;0;{'1': []}
32652;32652;32652;;;;;;0;0;0;{'1': []}
527937;527937;527937;;;;;;0;0;0;{'1': []}
96583;96583;96583;;;;;;0;0;0;{'1': []}
20142068-1;20142068-1;201420681;;;;;;0;0;0;{'1': []}
60707;60707;60707;;;;;;0;0;0;{'1': []}
164735;164735;164735;;;;;;0;0;0;{'1': []}
160118;160118;160118;;;;;;0;0;0;{'1': []}
20033;20033;20033;;;;;;0;0;0;{'1': []}
161093;161093;161093;;;;;;0;0;0;{'1': []}
AP20558;AP20558;AP20558;;;;;;0;0;0;{'1': []}
401272;401272;401272;;;;;;0;0;0;{'1': []}
385135;385135;385135;;;;;;0;0;0;{'1': []}
AP21292;AP21292;AP21292;;;750;420;;750;420;0;{'1': [4098, 1287, 3080, 2953, 1804, 4880, 1043, 3093, 3739, 2848, 4129, 4130, 2604, 1069, 1077, 1333, 3128, 4801, 463, 2897, 1364, 1879, 3676, 1373, 3430, 2663, 2412, 4077, 4078, 4080, 2290, 376, 2684]}
536422;536422;536422;;;;;;0;0;0;{'1': []}
AP23495;AP23495;AP23495;;;;;;0;0;0;{'1': []}
538867;538867;538867;;;;;;0;0;0;{'1': []}
541858;541858;541858;;;;;;0;0;0;{'1': []}
542047;542047;542047;;;15;6;;15;6;0;{'1': [1217, 581, 968, 1065, 2760, 4267, 2767, 980, 3031, 2204, 831]}
295032;295032;295032;;;;;;0;0;0;{'1': []}
30387;30387;30387;;;;;;0;0;0;{'1': []}
383215;383215;383215;;;;;;0;0;0;{'1': []}
111965;111965;111965;;;;60;;0;60;0;{'1': [2008]}
20198801;20198801;20198801;;;;;;0;0;0;{'1': []}
528035;528035;528035;;;;;;0;0;0;{'1': []}
0;0;0;;;;;;0;0;0;{'1': []}
525503;525503;525503;;;60;30;;60;30;0;{'1': [2739, 575]}
0;0;0;;;;;;0;0;0;{'1': []}
1701114;1701114;1701114;;;;;;0;0;0;{'1': []}
64083;64083;64083;;;;;;0;0;0;{'1': []}
136691;136691;136691;;;;60;;0;60;0;{'1': [2194]}
170125;170125;170125;;;;;;0;0;0;{'1': []}
170128;170128;170128;;;;;;0;0;0;{'1': []}
30287;30287;30287;;;;21;;0;21;0;{'1': [2362, 4485, 4493, 3210]}
164856;164856;164856;;;;;;0;0;0;{'1': []}
AP22904;AP22904;AP22904;;;;;;0;0;0;{'1': []}
PENDIENTE;PENDIENTE;PENDIENTE;;;339;225;;339;225;0;{'1': [2688, 2713, 3482, 3483, 3484, 2077, 3485, 3741, 4001, 2082, 2725, 1447, 2727, 4266, 2731, 4268, 1325, 180, 2485, 3771, 4542, 1858, 707, 1476, 197, 4678, 2120, 202, 2643, 2133, 1761, 1762, 227, 1645, 3699, 3829, 4727, 2300, 2301, 511]}
139906;139906;139906;;;;;;0;0;0;{'1': []}
162010;162010;162010;;;4;8;;4;8;0;{'1': [977, 3127, 1087]}
1980885-5;1980885-5;19808855;;;;;;0;0;0;{'1': []}
PENDIENTE;PENDIENTE;PENDIENTE;;;339;225;;339;225;0;{'1': [2688, 2713, 3482, 3483, 3484, 2077, 3485, 3741, 4001, 2082, 2725, 1447, 2727, 4266, 2731, 4268, 1325, 180, 2485, 3771, 4542, 1858, 707, 1476, 197, 4678, 2120, 202, 2643, 2133, 1761, 1762, 227, 1645, 3699, 3829, 4727, 2300, 2301, 511]}
98706;98706;98706;;;;;;0;0;0;{'1': []}
19656;19656;19656;;;;;;0;0;0;{'1': []}
63442;63442;63442;;;;;;0;0;0;{'1': []}
AP22851;AP22851;AP22851;;;180;60;;180;60;0;{'1': [4158, 1580, 1772, 4175]}
33038;33038;33038;;;;;;0;0;0;{'1': []}
164989;164989;164989;;;;;;0;0;0;{'1': []}
19910346;19910346;19910346;;;;;;0;0;0;{'1': []}
AP24126;AP24126;AP24126;;;;;;0;0;0;{'1': []}
AP23405;AP23405;AP23405;;;;;;0;0;0;{'1': []}
AP20434;AP20434;AP20434;;;;100;;0;100;0;{'1': [3181]}
64085;64085;64085;;;;;;0;0;0;{'1': []}
141538;141538;141538;;;;;;0;0;0;{'1': []}
19925329;19925329;19925329;;;;;;0;0;0;{'1': []}
60361;60361;60361;;;;;;0;0;0;{'1': []}
AP23789;AP23789;AP23789;;;;60;;0;60;0;{'1': [2379]}
20227295-1;20227295-1;202272951;;;;;;0;0;0;{'1': []}
20010;20010;20010;;;32;;;32;0;0;{'1': [1248, 2689, 1284, 3044, 680, 42, 4015, 2038, 2328, 347, 3615]}
AP23255;AP23255;AP23255;;;;224;;0;224;0;{'1': [3432, 1569, 3690, 971]}
64093;64093;64093;;;;;;0;0;0;{'1': []}
AP20088;AP20088;AP20088;;;465;30;;465;30;0;{'1': [1444, 4649, 362, 3885, 270, 4621, 2481, 2552, 1593, 1594, 1469, 4702]}
36993;36993;36993;;;;30;;0;30;0;{'1': [2013]}
PENDIENTE;PENDIENTE;PENDIENTE;;;339;225;;339;225;0;{'1': [2688, 2713, 3482, 3483, 3484, 2077, 3485, 3741, 4001, 2082, 2725, 1447, 2727, 4266, 2731, 4268, 1325, 180, 2485, 3771, 4542, 1858, 707, 1476, 197, 4678, 2120, 202, 2643, 2133, 1761, 1762, 227, 1645, 3699, 3829, 4727, 2300, 2301, 511]}
36994;36994;36994;;;;;;0;0;0;{'1': []}
0;0;0;;;;;;0;0;0;{'1': []}
36999;36999;36999;;;;;;0;0;0;{'1': []}
21737;21737;21737;;;;;;0;0;0;{'1': []}
36995;36995;36995;;;;;;0;0;0;{'1': []}
21969;21969;21969;;;;;;0;0;0;{'1': []}
36996;36996;36996;;;;;;0;0;0;{'1': []}
37000;37000;37000;;;90;;;90;0;0;{'1': [2175]}
AP20561;AP20561;AP20561;;;;;;0;0;0;{'1': []}
37001;37001;37001;;;;;;0;0;0;{'1': []}
AP22916;AP22916;AP22916;;;;;;0;0;0;{'1': []}
AP22037;AP22037;AP22037;;;;;;0;0;0;{'1': []}
35957;35957;35957;;;;;;0;0;0;{'1': []}
AP22345;AP22345;AP22345;;;;;;0;0;0;{'1': []}
AP24197;AP24197;AP24197;;;;;;0;0;0;{'1': []}
55138;55138;55138;;;1710;2850;;1710;2850;0;{'1': [262, 3339, 4108, 4109, 4241, 1938, 4370, 4628, 4756, 152, 3358, 3617, 676, 4396, 45, 1199, 1202, 947, 4530, 693, 1845, 185, 3003, 188, 4539, 71, 1223, 1863, 334, 2126, 1233, 466, 978, 3412, 4306, 1623, 4570, 733, 3679, 3170, 995, 2534, 487, 1646, 1903, 3311, 2034, 2035, 886, 1015, 2550, 3833]}
AP24430;AP24430;AP24430;;;;;;0;0;0;{'1': []}
AP21653;AP21653;AP21653;;;30;90;;30;90;0;{'1': [2269, 3594, 1981, 3550]}
A02BC0101C04;A02BC0101C04;A02BC0101C04;;;;;;0;0;0;{'1': []}
AP22764;AP22764;AP22764;;;;;;0;0;0;{'1': []}
18853;18853;18853;;;;;;0;0;0;{'1': []}
AP21293;AP21293;AP21293;;;;;;0;0;0;{'1': []}
PENDIENTE;PENDIENTE;PENDIENTE;;;339;225;;339;225;0;{'1': [2688, 2713, 3482, 3483, 3484, 2077, 3485, 3741, 4001, 2082, 2725, 1447, 2727, 4266, 2731, 4268, 1325, 180, 2485, 3771, 4542, 1858, 707, 1476, 197, 4678, 2120, 202, 2643, 2133, 1761, 1762, 227, 1645, 3699, 3829, 4727, 2300, 2301, 511]}
A02BC0501C02;A02BC0501C02;A02BC0501C02;;;;;;0;0;0;{'1': []}
120636;120636;120636;;;;;;0;0;0;{'1': []}
AP21544;AP21544;AP21544;;;;;;0;0;0;{'1': []}
19946412;19946412;19946412;;;;;;0;0;0;{'1': []}
51158;51158;51158;;;;;;0;0;0;{'1': []}
80027;80027;80027;;;;;;0;0;0;{'1': []}
AP23409;AP23409;AP23409;;;;;;0;0;0;{'1': []}
54590;54590;54590;;;;;;0;0;0;{'1': []}
19951467-1;19951467-1;199514671;;;;;;0;0;0;{'1': []}
91875;91875;91875;;;;;;0;0;0;{'1': []}
56308;56308;56308;;;;;;0;0;0;{'1': [2771]}
47583;47583;47583;;;;;;0;0;0;{'1': []}
AP22085;AP22085;AP22085;;;;;;0;0;0;{'1': []}
19955262-1;19955262-1;199552621;;;;;;0;0;0;{'1': []}
72733;72733;72733;;;;;;0;0;0;{'1': []}
0;0;0;;;;;;0;0;0;{'1': []}
AP22744;AP22744;AP22744;;;;;;0;0;0;{'1': []}
71717;71717;71717;;;;;;0;0;0;{'1': []}
164858;164858;164858;;;;69;;0;69;0;{'1': [1505, 3014, 808, 843, 3788, 4271, 3925, 759, 1082]}
52776;52776;52776;;;;;;0;0;0;{'1': []}
20124753;20124753;20124753;;;;;;0;0;0;{'1': []}
37118;37118;37118;;;;2;;0;2;0;{'1': [3547, 3206]}
20134372;20134372;20134372;;;;;;0;0;0;{'1': []}
54143;54143;54143;;;;1;;0;1;0;{'1': [2331]}
0;0;0;;;;;;0;0;0;{'1': []}
19967084;19967084;19967084;;;;;;0;0;0;{'1': []}
20137724-1;20137724-1;201377241;;;;;;0;0;0;{'1': []}
21545;21545;21545;;;;;;0;0;0;{'1': []}
387808;387808;387808;;;;;;0;0;0;{'1': []}
122719;122719;122719;;;;;;0;0;0;{'1': []}
PENDIENTE;PENDIENTE;PENDIENTE;;;339;225;;339;225;0;{'1': [2688, 2713, 3482, 3483, 3484, 2077, 3485, 3741, 4001, 2082, 2725, 1447, 2727, 4266, 2731, 4268, 1325, 180, 2485, 3771, 4542, 1858, 707, 1476, 197, 4678, 2120, 202, 2643, 2133, 1761, 1762, 227, 1645, 3699, 3829, 4727, 2300, 2301, 511]}
62049;62049;62049;;;5;6;;5;6;0;{'1': [4832, 1282, 4772, 3173, 1110, 3065, 444, 2973]}
554173;554173;554173;;;;;;0;0;0;{'1': []}
20678;20678;20678;;;;;;0;0;0;{'1': []}
PENDIENTE;PENDIENTE;PENDIENTE;;;339;225;;339;225;0;{'1': [2688, 2713, 3482, 3483, 3484, 2077, 3485, 3741, 4001, 2082, 2725, 1447, 2727, 4266, 2731, 4268, 1325, 180, 2485, 3771, 4542, 1858, 707, 1476, 197, 4678, 2120, 202, 2643, 2133, 1761, 1762, 227, 1645, 3699, 3829, 4727, 2300, 2301, 511]}
99513;99513;99513;;;;;;0;0;0;{'1': []}
383877;383877;383877;;;;;;0;0;0;{'1': []}
0;0;0;;;;;;0;0;0;{'1': []}
AP22704;AP22704;AP22704;;;;;;0;0;0;{'1': []}
65739;65739;65739;;;;;;0;0;0;{'1': []}
150334;150334;150334;;;3;;;3;0;0;{'1': [958]}
PENDIENTE;PENDIENTE;PENDIENTE;;;339;225;;339;225;0;{'1': [2688, 2713, 3482, 3483, 3484, 2077, 3485, 3741, 4001, 2082, 2725, 1447, 2727, 4266, 2731, 4268, 1325, 180, 2485, 3771, 4542, 1858, 707, 1476, 197, 4678, 2120, 202, 2643, 2133, 1761, 1762, 227, 1645, 3699, 3829, 4727, 2300, 2301, 511]}
142398;142398;142398;;;;;;0;0;0;{'1': []}
74081;74081;74081;;;;;;0;0;0;{'1': []}
20212115-1;20212115-1;202121151;;;;;;0;0;0;{'1': []}
110451;110451;110451;;;;4;;0;4;0;{'1': [556]}
20251892;20251892;20251892;;;;;;0;0;0;{'1': []}
0;0;0;;;;;;0;0;0;{'1': []}
0;0;0;;;;;;0;0;0;{'1': []}
0;0;0;;;;;;0;0;0;{'1': []}
226679-4;226679-4;2266794;;;;;;0;0;0;{'1': []}
0;0;0;;;;;;0;0;0;{'1': []}
19940;19940;19940;;;;;;0;0;0;{'1': []}
19991725;19991725;19991725;;;;;;0;0;0;{'1': []}
17940;17940;17940;;;1;;;1;0;0;{'1': [2136]}
0;0;0;;;;;;0;0;0;{'1': []}
55204;55204;55204;;;;;;0;0;0;{'1': []}
AP22344;AP22344;AP22344;;;;;;0;0;0;{'1': []}
AP22754;AP22754;AP22754;;;;;;0;0;0;{'1': []}
21675;21675;21675;;;;;;0;0;0;{'1': []}
150402;150402;150402;;;;;;0;0;0;{'1': []}
19999309;19999309;19999309;;;;;;0;0;0;{'1': []}
21706;21706;21706;;;;;;0;0;0;{'1': []}
20076;20076;20076;;;;;;0;0;0;{'1': []}
19589;19589;19589;;;;;;0;0;0;{'1': []}
45779;45779;45779;;;;;;0;0;0;{'1': []}
45496;45496;45496;;;;;;0;0;0;{'1': []}
20006314;20006314;20006314;;;;;;0;0;0;{'1': []}
19225;19225;19225;;;;;;0;0;0;{'1': []}
99834;99834;99834;;;;;;0;0;0;{'1': []}
85226;85226;85226;;;;;;0;0;0;{'1': []}
124270;124270;124270;;;;;;0;0;0;{'1': []}
20012211-1;20012211-1;200122111;;;;;;0;0;0;{'1': []}
AP21892;AP21892;AP21892;;;;;;0;0;0;{'1': []}
AP20557;AP20557;AP20557;;;;;;0;0;0;{'1': []}
96728;96728;96728;;;;;;0;0;0;{'1': []}
105520;105520;105520;;;;;;0;0;0;{'1': []}
20027374;20027374;20027374;;;;;;0;0;0;{'1': []}
AP24429;AP24429;AP24429;;;;;;0;0;0;{'1': []}
41118;41118;41118;;;;;;0;0;0;{'1': []}
113737;113737;113737;;;;;;0;0;0;{'1': []}
AP22500;AP22500;AP22500;;;;;;0;0;0;{'1': []}
127105;127105;127105;;;;;;0;0;0;{'1': []}
127109;127109;127109;;;;;;0;0;0;{'1': []}
127107;127107;127107;;;;;;0;0;0;{'1': []}
127108;127108;127108;;;;;;0;0;0;{'1': []}
127106;127106;127106;;;;;;0;0;0;{'1': []}
AP20789;AP20789;AP20789;;;;;;0;0;0;{'1': []}
20030398;20030398;20030398;;;;;;0;0;0;{'1': []}
0;0;0;;;;;;0;0;0;{'1': []}
20031108-1;20031108-1;200311081;;;;;;0;0;0;{'1': []}
113856;113856;113856;;;;;;0;0;0;{'1': []}
107748;107748;107748;;;270;;;270;0;0;{'1': [1608, 1553, 3057]}
109179;109179;109179;;;;;;0;0;0;{'1': []}
55945;55945;55945;;;;;;0;0;0;{'1': []}
AP23605;AP23605;AP23605;;;;;;0;0;0;{'1': []}
20039358;20039358;20039358;;;;;;0;0;0;{'1': []}
AP21545;AP21545;AP21545;;;;;;0;0;0;{'1': []}
19594;19594;19594;;;;;;0;0;0;{'1': []}
AP21536;AP21536;AP21536;;;10;60;;10;60;0;{'1': [355, 516]}
AP21700;AP21700;AP21700;;;;;;0;0;0;{'1': []}
A02BC0513C01;A02BC0513C01;A02BC0513C01;;;;;;0;0;0;{'1': []}
20048145;20048145;20048145;;;;;;0;0;0;{'1': []}
99525;99525;99525;;;30;;;30;0;0;{'1': [918]}
AP23498;AP23498;AP23498;;;;;;0;0;0;{'1': []}
114460;114460;114460;;;;;;0;0;0;{'1': []}
132841;132841;132841;;;;;;0;0;0;{'1': []}
AP20655;AP20655;AP20655;;;;;;0;0;0;{'1': []}
114174;114174;114174;;;;;;0;0;0;{'1': []}
163448;163448;163448;;;;;;0;0;0;{'1': []}
AP22513;AP22513;AP22513;;;;;;0;0;0;{'1': []}
20067748-1;20067748-1;200677481;;;;;;0;0;0;{'1': []}
AP22511;AP22511;AP22511;;;;;;0;0;0;{'1': []}
AP21470;AP21470;AP21470;;;;;;0;0;0;{'1': []}
AP23400;AP23400;AP23400;;;;;;0;0;0;{'1': []}
126443;126443;126443;;;;;;0;0;0;{'1': []}
AP23720;AP23720;AP23720;;;;;;0;0;0;{'1': []}
AP23388;AP23388;AP23388;;;;;;0;0;0;{'1': []}
AP23724;AP23724;AP23724;;;;;;0;0;0;{'1': []}
AP24229;AP24229;AP24229;;;;;;0;0;0;{'1': []}
AP23931;AP23931;AP23931;;;1170;30;;1170;30;0;{'1': [1922, 3346, 3347, 4767, 4523, 3776, 2121, 588, 1101, 4559, 4563, 852, 4436, 4569, 861, 3422, 4192, 4073, 2284, 4590, 4081, 1394]}
20082364-1;20082364-1;200823641;;;;;;0;0;0;{'1': []}
AP22982;AP22982;AP22982;;;;;;0;0;0;{'1': []}
AP23829;AP23829;AP23829;;;;;;0;0;0;{'1': []}
AP23190;AP23190;AP23190;;;;;;0;0;0;{'1': []}
125834;125834;125834;;;;;;0;0;0;{'1': []}
AP22703;AP22703;AP22703;;;;;;0;0;0;{'1': []}
20088474-1;20088474-1;200884741;;;;;;0;0;0;{'1': []}
21317;21317;21317;;;;;;0;0;0;{'1': []}
542990;542990;542990;;;;;;0;0;0;{'1': []}
AP22456;AP22456;AP22456;;;44;264;;44;264;0;{'1': [6, 518, 3087, 3089, 530, 2579, 23, 27, 4128, 52, 4156, 4159, 3138, 2630, 2633, 2637, 591, 3152, 2642, 3168, 2146, 2666, 2667, 4204, 2680, 121, 642, 1666, 140, 3216, 2711, 2202, 4262, 4263, 4264, 171, 1708, 3253, 3769, 205, 2765, 2271, 2274, 2786, 3299, 3307, 2804, 2294, 2813, 1794, 2820, 2825, 3896, 1852, 2367, 2880, 3394, 341, 1877, 2406, 1390, 372, 3958, 3962, 3964, 3965, 4479, 4481, 2436, 400, 1947, 933, 2489, 3533, 1999, 464, 3039, 492, 2545]}
20096391-1;20096391-1;200963911;;;;;;0;0;0;{'1': []}
AP22852;AP22852;AP22852;;;180;;;180;0;0;{'1': [3024, 3816, 3728, 1126]}
159043;159043;159043;;;;;;0;0;0;{'1': []}
AP22409;AP22409;AP22409;;;;;;0;0;0;{'1': []}
20109106-1;20109106-1;201091061;;;;;;0;0;0;{'1': []}
20119257;20119257;20119257;;;;;;0;0;0;{'1': []}
142053;142053;142053;;;;;;0;0;0;{'1': []}
100414069501631;100414069501631;100414069501631;;;;;;0;0;0;{'1': []}
401253;401253;401253;;;;;;0;0;0;{'1': []}
100414160500521;100414160500521;100414160500521;;;;;;0;0;0;{'1': []}
27075;27075;27075;;;;120;;0;120;0;{'1': [672]}
386322;386322;386322;;;;;;0;0;0;{'1': []}
25673;25673;25673;;;60;60;;60;60;0;{'1': [4796, 860]}
0;0;0;;;;;;0;0;0;{'1': []}
25674;25674;25674;;;;;;0;0;0;{'1': []}
114216;114216;114216;;;;;;0;0;0;{'1': []}
25675;25675;25675;;;;;;0;0;0;{'1': []}
140603;140603;140603;;;;;;0;0;0;{'1': []}
25679;25679;25679;;;;60;;0;60;0;{'1': [1328]}
117637;117637;117637;;;30;10;;30;10;0;{'1': [1408, 1, 2500, 2501, 2502, 594, 595]}
25887;25887;25887;;;1;;;1;0;0;{'1': [3847]}
26877;26877;26877;;;2801;1450;;2801;1450;0;{'1': [1160, 1163, 1165, 1167, 2576, 1169, 275, 2709, 1943, 1946, 4511, 4513, 3363, 551, 2222, 4398, 4911, 3506, 4405, 1848, 3258, 701, 4798, 3903, 4419, 2628, 4423, 1107, 853, 1239, 1751, 1241, 2392, 862, 4574, 224, 1638, 617, 619, 1260, 621, 3054, 114, 626, 3186, 4084, 118, 120, 1276, 895]}
135381;135381;135381;;;;;;0;0;0;{'1': []}
22885;22885;22885;;;19;18;;19;18;0;{'1': [3336, 660, 2167, 665, 2589, 4257, 1575, 2343, 809, 1962, 2363, 3009, 4677, 1352, 2380, 1750, 2646, 997, 4714, 4336, 1271, 3320, 1530, 1534]}
108202;108202;108202;;;;;;0;0;0;{'1': []}
82629;82629;82629;;;11;;;11;0;0;{'1': [1778, 3853]}
100409026500191;100409026500191;100409026500191;;;;;;0;0;0;{'1': []}
0;0;0;;;;;;0;0;0;{'1': []}
23691;23691;23691;;;14;;;14;0;0;{'1': [3608, 1689, 1690, 3609]}
118986;118986;118986;;;;;;0;0;0;{'1': []}
143699;143699;143699;;;;;;0;0;0;{'1': []}
124990;124990;124990;;;;9;;0;9;0;{'1': [3643]}
102990;102990;102990;;;;;;0;0;0;{'1': []}
96843;96843;96843;;;;;;0;0;0;{'1': [4270]}
114051;114051;114051;;;;;;0;0;0;{'1': []}
130973;130973;130973;;;;;;0;0;0;{'1': []}
394017;394017;394017;;;4;4;;4;4;0;{'1': [4421, 4424, 3465, 4401, 1010, 4410, 4286, 3455]}
142551;142551;142551;;;2982;1601;;2982;1601;0;{'1': [3713, 3843, 3466, 2575, 2577, 1941, 1694, 549, 2087, 4399, 4658, 307, 3511, 4407, 1337, 3259, 4797, 4414, 3905, 2627, 459, 3288, 217, 2906, 4575, 870, 1639, 1259, 2541, 4463, 3696, 4345, 892, 3326]}
22884;22884;22884;;;42;25;;42;25;0;{'1': [867, 4260, 4261, 1000, 2346, 4844, 2381, 846, 659, 2164, 3924, 1274, 1531, 668, 2591]}
100414102501310;100414102501310;100414102501310;;;;;;0;0;0;{'1': []}
0;0;0;;;;;;0;0;0;{'1': []}
100414102501713;100414102501713;100414102501713;;;;;;0;0;0;{'1': []}
100406006500008;100406006500008;100406006500008;;;;;;0;0;0;{'1': []}
22883;22883;22883;;;;;;0;0;0;{'1': []}
148614;148614;148614;;;;;;0;0;0;{'1': []}
65464;65464;65464;;;;;;0;0;0;{'1': []}
25863;25863;25863;;;;;;0;0;0;{'1': []}
100416146501720;100416146501720;100416146501720;;;;;;0;0;0;{'1': []}
544804;544804;544804;;;;;;0;0;0;{'1': []}
112497;112497;112497;;;;1;;0;1;0;{'1': [635]}
23132;23132;23132;;;;;;0;0;0;{'1': []}
112506;112506;112506;;;;;;0;0;0;{'1': []}
125183;125183;125183;;;;;;0;0;0;{'1': []}
142214;142214;142214;;;;;;0;0;0;{'1': []}
528272;528272;528272;;;;;;0;0;0;{'1': []}
144453;144453;144453;;;;;;0;0;0;{'1': []}
141311;141311;141311;;;;;;0;0;0;{'1': []}
534536;534536;534536;;;;;;0;0;0;{'1': [3961]}
150287;150287;150287;;;;;;0;0;0;{'1': []}
137226;137226;137226;;;390;570;;390;570;0;{'1': [4160, 2018, 2309, 1351, 520, 361, 3720, 3721, 1294, 1296, 1489, 3027, 981, 1495, 1562, 3708, 2205]}
116855;116855;116855;;;;;;0;0;0;{'1': []}
25697;25697;25697;;;360;;;360;0;0;{'1': [2292, 719]}
157163;157163;157163;;;10;;;10;0;0;{'1': [1825]}
125774;125774;125774;;;;;;0;0;0;{'1': []}
398290;398290;398290;;;;;;0;0;0;{'1': []}
27074;27074;27074;;;;180;;0;180;0;{'1': [1945]}
545173;545173;545173;;;;;;0;0;0;{'1': []}
0;0;0;;;;;;0;0;0;{'1': []}
545172;545172;545172;;;;;;0;0;0;{'1': []}
402697;402697;402697;;;;;;0;0;0;{'1': []}
164078;164078;164078;;;;;;0;0;0;{'1': []}
PENDIENTE;PENDIENTE;PENDIENTE;;;339;225;;339;225;0;{'1': [2688, 2713, 3482, 3483, 3484, 2077, 3485, 3741, 4001, 2082, 2725, 1447, 2727, 4266, 2731, 4268, 1325, 180, 2485, 3771, 4542, 1858, 707, 1476, 197, 4678, 2120, 202, 2643, 2133, 1761, 1762, 227, 1645, 3699, 3829, 4727, 2300, 2301, 511]}
42275;42275;42275;;;;;;0;0;0;{'1': []}
543863;543863;543863;;;;;;0;0;0;{'1': []}
386205;386205;386205;;;;;;0;0;0;{'1': []}
0;0;0;;;;;;0;0;0;{'1': []}
125625;125625;125625;;;;;;0;0;0;{'1': []}
0;0;0;;;;;;0;0;0;{'1': []}
142789;142789;142789;;;;;;0;0;0;{'1': []}
0;0;0;;;;;;0;0;0;{'1': []}
127196;127196;127196;;;;;;0;0;0;{'1': []}
22882;22882;22882;;;15;7;;15;7;0;{'1': [4258, 4674, 3012, 869, 998, 1574, 1353, 1963, 4334, 1935, 4718, 4339, 662, 3319, 1272, 666]}
127197;127197;127197;;;;;;0;0;0;{'1': []}
167965;167965;167965;;;;;;0;0;0;{'1': []}
127194;127194;127194;;;;;;0;0;0;{'1': []}
0;0;0;;;;;;0;0;0;{'1': []}
127192;127192;127192;;;;;;0;0;0;{'1': []}
554072;554072;554072;;;;;;0;0;0;{'1': []}
116665;116665;116665;;;;;;0;0;0;{'1': []}
546699;546699;546699;;;6;9;;6;9;0;{'1': [132, 3914, 3855, 1776, 47, 4856, 4891]}
549777;549777;549777;;;;;;0;0;0;{'1': []}
22381;22381;22381;;;;;;0;0;0;{'1': []}
47117;47117;47117;;;;;;0;0;0;{'1': []}
147805;147805;147805;;;;;;0;0;0;{'1': []}
0;0;0;;;;;;0;0;0;{'1': []}
387620;387620;387620;;;;;;0;0;0;{'1': []}
387555;387555;387555;;;62;2;;62;2;0;{'1': [3714, 4579, 3468, 219, 3454]}
112500;112500;112500;;;2;;;2;0;0;{'1': [2706]}
0;0;0;;;;;;0;0;0;{'1': []}
119322;119322;119322;;;;;;0;0;0;{'1': []}
0;0;0;;;;;;0;0;0;{'1': []}
25695;25695;25695;;;1250;660;;1250;660;0;{'1': [896, 2626, 2915, 3717, 550, 2631, 3848, 2668, 3500, 2671, 2674, 2388, 4634]}
0;0;0;;;;;;0;0;0;{'1': []}
124858;124858;124858;;;;60;;0;60;0;{'1': [4839]}
393922;393922;393922;;;210;85;;210;85;0;{'1': [4287, 3715, 3845, 4166, 3467, 302, 1009, 3475, 3476, 823, 3610, 1211, 3612, 3453, 3839]}
51669;51669;51669;;;;;;0;0;0;{'1': []}
0;0;0;;;;;;0;0;0;{'1': []}
140527;140527;140527;;;;;;0;0;0;{'1': []}
0;0;0;;;;;;0;0;0;{'1': []}
134560;134560;134560;;;20;43;;20;43;0;{'1': [2661, 2598, 2662, 2699, 2574, 2959, 2580, 2521, 2654]}
0;0;0;;;;;;0;0;0;{'1': []}
392831;392831;392831;;;;;;0;0;0;{'1': []}
0;0;0;;;;;;0;0;0;{'1': []}
144320;144320;144320;;;45;49;;45;49;0;{'1': [2564, 2310, 2824, 3849, 3977, 1805, 2191, 3096, 1824, 2722, 4642, 4517, 941, 2618, 579, 963, 837, 2504, 3030, 2519, 2263, 2520, 474, 4197, 491, 2421, 4853, 1911, 3198]}
0;0;0;;;;;;0;0;0;{'1': []}
163135;163135;163135;;;;;;0;0;0;{'1': []}
0;0;0;;;;;;0;0;0;{'1': []}
403220;403220;403220;;;;;;0;0;0;{'1': []}
0;0;0;;;;;;0;0;0;{'1': []}
545919;545919;545919;;;5;;;5;0;0;{'1': [2600]}
0;0;0;;;;;;0;0;0;{'1': []}
123967;123967;123967;;;;;;0;0;0;{'1': []}
0;0;0;;;;;;0;0;0;{'1': []}
526588;526588;526588;;;;;;0;0;0;{'1': []}
0;0;0;;;;;;0;0;0;{'1': []}
27078;27078;27078;;;;;;0;0;0;{'1': []}
0;0;0;;;;;;0;0;0;{'1': []}
126167;126167;126167;;;9;12;;9;12;0;{'1': [4418, 3716, 1640, 2862, 1166, 4400, 4462, 3510, 4409, 3325, 894]}
0;0;0;;;;;;0;0;0;{'1': []}
25875;25875;25875;;;;;;0;0;0;{'1': []}
158520;158520;158520;;;;;;0;0;0;{'1': []}
0;0;0;;;;;;0;0;0;{'1': []}
168946;168946;168946;;;6;40;;6;40;0;{'1': [1336, 3145, 4656]}
80106;80106;80106;;;;;;0;0;0;{'1': []}
144327;144327;144327;;;100;;;100;0;0;{'1': [4578]}
47196;47196;47196;;;;;;0;0;0;{'1': []}
0;0;0;;;;;;0;0;0;{'1': []}
PENDIENTE;PENDIENTE;PENDIENTE;;;339;225;;339;225;0;{'1': [2688, 2713, 3482, 3483, 3484, 2077, 3485, 3741, 4001, 2082, 2725, 1447, 2727, 4266, 2731, 4268, 1325, 180, 2485, 3771, 4542, 1858, 707, 1476, 197, 4678, 2120, 202, 2643, 2133, 1761, 1762, 227, 1645, 3699, 3829, 4727, 2300, 2301, 511]}
0;0;0;;;;;;0;0;0;{'1': []}
539489;539489;539489;;;;;;0;0;0;{'1': []}
0;0;0;;;;;;0;0;0;{'1': []}
26878;26878;26878;;;;;;0;0;0;{'1': []}
0;0;0;;;;;;0;0;0;{'1': []}
86879;86879;86879;;;;;;0;0;0;{'1': []}
0;0;0;;;;;;0;0;0;{'1': []}
0;0;0;;;;;;0;0;0;{'1': []}
0;0;0;;;;;;0;0;0;{'1': []}
0;0;0;;;;;;0;0;0;{'1': []}
22066;22066;22066;;;80;274;;80;274;0;{'1': [3904, 3512, 1257, 4397, 4406, 1944, 4573, 3327]}
0;0;0;;;;;;0;0;0;{'1': []}
0;0;0;;;;;;0;0;0;{'1': []}
PENDIENTE;PENDIENTE;PENDIENTE;;;339;225;;339;225;0;{'1': [2688, 2713, 3482, 3483, 3484, 2077, 3485, 3741, 4001, 2082, 2725, 1447, 2727, 4266, 2731, 4268, 1325, 180, 2485, 3771, 4542, 1858, 707, 1476, 197, 4678, 2120, 202, 2643, 2133, 1761, 1762, 227, 1645, 3699, 3829, 4727, 2300, 2301, 511]}
0;0;0;;;;;;0;0;0;{'1': []}
392892;392892;392892;;;;;;0;0;0;{'1': []}
0;0;0;;;;;;0;0;0;{'1': []}
0;0;0;;;;;;0;0;0;{'1': []}
113835;113835;113835;;;;;;0;0;0;{'1': []}
86036;86036;86036;;;;;;0;0;0;{'1': []}
0;0;0;;;;;;0;0;0;{'1': []}
386210;386210;386210;;;1;;;1;0;0;{'1': [4085]}
0;0;0;;;;;;0;0;0;{'1': []}
26643;26643;26643;;;1;;;1;0;0;{'1': [4415]}
130693;130693;130693;;;;;;0;0;0;{'1': []}
100414160500518;100414160500518;100414160500518;;;;;;0;0;0;{'1': []}
0;0;0;;;;;;0;0;0;{'1': []}
155667;155667;155667;;;;;;0;0;0;{'1': []}
0;0;0;;;;;;0;0;0;{'1': []}
100208001501585;100208001501585;100208001501585;;;;;;0;0;0;{'1': []}
0;0;0;;;;;;0;0;0;{'1': []}
142980;142980;142980;;;;2;;0;2;0;{'1': [4661]}
0;0;0;;;;;;0;0;0;{'1': []}
166709;166709;166709;;;;;;0;0;0;{'1': []}
0;0;0;;;;;;0;0;0;{'1': []}
74501;74501;74501;;;21;1;;21;1;0;{'1': [1777, 3619, 3854, 2695]}
0;0;0;;;;;;0;0;0;{'1': []}
100416141501722;100416141501722;100416141501722;;;;;;0;0;0;{'1': []}
0;0;0;;;;;;0;0;0;{'1': []}
165185;165185;165185;;;;;;0;0;0;{'1': []}
0;0;0;;;;;;0;0;0;{'1': []}
22380;22380;22380;;;;;;0;0;0;{'1': []}
0;0;0;;;;;;0;0;0;{'1': []}
103349;103349;103349;;;;;;0;0;0;{'1': []}
0;0;0;;;;;;0;0;0;{'1': []}
552612;552612;552612;;;;;;0;0;0;{'1': []}
0;0;0;;;;;;0;0;0;{'1': []}
112498;112498;112498;;;2;2;;2;2;0;{'1': [3322, 4461, 534]}
0;0;0;;;;;;0;0;0;{'1': []}
23662;23662;23662;;;;;;0;0;0;{'1': []}
0;0;0;;;;;;0;0;0;{'1': []}
125115;125115;125115;;;;;;0;0;0;{'1': []}
0;0;0;;;;;;0;0;0;{'1': []}
AP22296;AP22296;AP22296;;;14;49;;14;49;0;{'1': [4736, 3073, 3842, 264, 2059, 780, 3596, 3980, 399, 1040, 145, 1425, 3986, 4499, 4627, 3862, 151, 4752, 4761, 165, 2342, 1968, 2866, 2868, 2358, 311, 573, 1342, 834, 2758, 199, 2886, 2888, 4170, 4173, 207, 1231, 1359, 2641, 3153, 91, 225, 993, 3425, 3685, 3047, 488, 2024, 363, 4331, 2029, 4333, 3314, 4082, 500, 1653, 3573, 1659, 2173]}
0;0;0;;;;;;0;0;0;{'1': []}
141211;141211;141211;;;;;;0;0;0;{'1': []}
144328;144328;144328;;;313;940;;313;940;0;{'1': [3712, 4417, 4580, 4581, 2539, 620, 1133, 3501, 4460, 3664, 1942, 3260]}
142979;142979;142979;;;30;;;30;0;0;{'1': [1584, 2962]}
113833;113833;113833;;;35;;;35;0;0;{'1': [3257, 3611]}
0;0;0;;;;;;0;0;0;{'1': []}
0;0;0;;;;;;0;0;0;{'1': []}
135007;135007;135007;;;30;120;;30;120;0;{'1': [3017, 51, 2686, 2287]}
0;0;0;;;;;;0;0;0;{'1': []}
105088;105088;105088;;;;;;0;0;0;{'1': []}
0;0;0;;;;;;0;0;0;{'1': []}
125728;125728;125728;;;;;;0;0;0;{'1': []}
0;0;0;;;;;;0;0;0;{'1': []}
164643;164643;164643;;;2;12;;2;12;0;{'1': [4101, 2766, 751, 2960, 2494]}
0;0;0;;;;;;0;0;0;{'1': []}
553578;553578;553578;;;8;26;;8;26;0;{'1': [3042, 803, 4482, 2822, 1864, 873, 1865, 3305, 3532, 1876, 469, 470, 4565, 3130, 3164, 1407]}
0;0;0;;;;;;0;0;0;{'1': []}
157214;157214;157214;;;;;;0;0;0;{'1': []}
0;0;0;;;;;;0;0;0;{'1': []}
134115;134115;134115;;;;;;0;0;0;{'1': []}
0;0;0;;;;;;0;0;0;{'1': []}
537443;537443;537443;;;;;;0;0;0;{'1': []}
0;0;0;;;;;;0;0;0;{'1': []}
30390;30390;30390;;;30;30;;30;30;0;{'1': [2137, 898, 2759]}
22069;22069;22069;;;14;12;;14;12;0;{'1': [3328, 1258, 3844, 4408]}
124352;124352;124352;;;;;;0;0;0;{'1': []}
539490;539490;539490;;;;;;0;0;0;{'1': []}
124353;124353;124353;;;;;;0;0;0;{'1': [3536, 3530, 4269, 3766]}
22873;22873;22873;;;8;;;8;0;0;{'1': [868]}
143037;143037;143037;;;;150;;0;150;0;{'1': [904, 1297, 2075, 3827]}
0;0;0;;;;;;0;0;0;{'1': []}
141101;141101;141101;;;;;;0;0;0;{'1': []}
22865;22865;22865;;;18;18;;18;18;0;{'1': [4675, 1275, 4763, 3910]}
140223;140223;140223;;;;2;;0;2;0;{'1': [4095]}
22866;22866;22866;;;67;98;;67;98;0;{'1': [3338, 1933, 2064, 658, 669, 2592, 1961, 2601, 3250, 4274, 2364, 2365, 3010, 3655, 3913, 714, 3659, 717, 1748, 2165, 3449, 1535]}
163509;163509;163509;;;8;;;8;0;0;{'1': [3562, 28]}
136804;136804;136804;;;;;;0;0;0;{'1': []}
150123;150123;150123;;;;;;0;0;0;{'1': []}
539477;539477;539477;;;;;;0;0;0;{'1': []}
532746;532746;532746;;;;;;0;0;0;{'1': []}
136548;136548;136548;;;;;;0;0;0;{'1': []}
150136;150136;150136;;;;;;0;0;0;{'1': []}
51747;51747;51747;;;;;;0;0;0;{'1': []}
150150;150150;150150;;;;;;0;0;0;{'1': []}
131006;131006;131006;;;;;;0;0;0;{'1': []}
30277;30277;30277;;;;;;0;0;0;{'1': []}
110403;110403;110403;;;;;;0;0;0;{'1': []}
150304;150304;150304;;;;;;0;0;0;{'1': []}
22374;22374;22374;;;;;;0;0;0;{'1': []}
30353;30353;30353;;;;;;0;0;0;{'1': []}
390955;390955;390955;;;;;;0;0;0;{'1': []}
402392;402392;402392;;;;12;;0;12;0;{'1': [1213, 1421, 1583]}
392988;392988;392988;;;2;;;2;0;0;{'1': [3710]}
384572;384572;384572;;;;36;;0;36;0;{'1': [3557, 3558, 3559, 4185, 4186]}
110401;110401;110401;;;1;1;;1;1;0;{'1': [4458, 893]}
138058;138058;138058;;;;;;0;0;0;{'1': []}
82877;82877;82877;;;;;;0;0;0;{'1': []}
126166;126166;126166;;;;;;0;0;0;{'1': []}
