codigo_neg;codigo_negociado;codigo_negociado_norm;codigo_cum;codigo_cum_norm;cantidad_total_1;cantidad_parcial_1;cantidad_pendiente_1;total_entregado_total;total_entregado_parcial;total_pendiente;total;matched_rows_per_source
19961332;19961332;19961332;;;;;;0;0;0;0;{'1': []}
20175052;20175052;20175052;;;;;;0;0;0;0;{'1': []}
20042602;20042602;20042602;;;;;;0;0;0;0;{'1': []}
20038247;20038247;20038247;;;;;;0;0;0;0;{'1': [6196]}
20192064;20192064;20192064;;;;;;0;0;0;0;{'1': []}
29523-3;29523-3;295233;;;20;;;20;0;0;20;{'1': [2889]}
20194751;20194751;20194751;;;250;;;250;0;0;250;{'1': [5500, 1179, 4380, 4381, 5501, 2338, 2339, 5802, 2991, 1328, 1332, 53, 183, 184, 4284, 4285, 1101, 1102, 5462, 5463, 2280, 2281, 4840, 363, 364, 629, 631, 636, 637]}
20177170;20177170;20177170;;;3006;90;;3006;90;0;3096;{'1': [2560, 385, 2690, 6274, 4996, 5637, 2310, 2443, 4501, 150, 1178, 5414, 1965, 2477, 2990, 567, 1338, 3139, 4039, 3144, 5832, 5069, 3539, 213, 2267, 3036, 3548, 2400, 4199, 2536, 4839, 1135, 1648, 3697, 115, 755, 4339, 4601, 4602, 4605]}
20047854;20047854;20047854;;;2;;;2;0;0;2;{'1': [3096, 2490, 6070]}
20152619;20152619;20152619;;;;;;0;0;0;0;{'1': []}
20177170;20177170;20177170;;;3006;90;;3006;90;0;3096;{'1': [2560, 385, 2690, 6274, 4996, 5637, 2310, 2443, 4501, 150, 1178, 5414, 1965, 2477, 2990, 567, 1338, 3139, 4039, 3144, 5832, 5069, 3539, 213, 2267, 3036, 3548, 2400, 4199, 2536, 4839, 1135, 1648, 3697, 115, 755, 4339, 4601, 4602, 4605]}
20030726;20030726;20030726;;;;;;0;0;0;0;{'1': []}
20079776;20079776;20079776;;;15;;;15;0;0;15;{'1': [2275, 614, 134, 4648, 6250, 823, 3899, 3900]}
19942227-2;19942227-2;199422272;;;30;;;30;0;0;30;{'1': [5120, 3523, 4676, 3749, 4037, 4765, 5412, 2121, 4690, 5270, 1335, 4345, 445, 4830, 3039]}
20056290-1;20056290-1;200562901;;;;;;0;0;0;0;{'1': [6396, 6461]}
19942227-2;19942227-2;199422272;;;30;;;30;0;0;30;{'1': [5120, 3523, 4676, 3749, 4037, 4765, 5412, 2121, 4690, 5270, 1335, 4345, 445, 4830, 3039]}
20238691;20238691;20238691;;;480;;;480;0;0;480;{'1': [5059, 6213, 1288, 5033, 3018, 2828, 2380, 3091, 1463, 2333, 6463]}
19942227-2;19942227-2;199422272;;;30;;;30;0;0;30;{'1': [5120, 3523, 4676, 3749, 4037, 4765, 5412, 2121, 4690, 5270, 1335, 4345, 445, 4830, 3039]}
20125878;20125878;20125878;;;;;;0;0;0;0;{'1': []}
0;0;0;;;;;;0;0;0;0;{'1': []}
20103181-11;20103181-11;2010318111;;;1760;;;1760;0;0;1760;{'1': [3851, 3724, 1933, 4246, 159, 4514, 37, 5030, 553, 560, 4529, 5433, 1980, 2497, 6212, 6215, 3786, 1485, 1742, 5073, 87, 216, 2016, 225, 4065, 2532, 359, 1386, 1265, 1274]}
20063548-1;20063548-1;200635481;;;;;;0;0;0;0;{'1': []}
226346-6;226346-6;2263466;;;;;;0;0;0;0;{'1': []}
20097785-17;20097785-17;2009778517;;;5668;;;5668;0;0;5668;{'1': [3, 5, 2041, 542, 2077, 545, 2608, 3633, 3131, 1085, 62, 2632, 585, 2128, 598, 4182, 4709, 4600, 620, 621, 118, 125, 2183, 649, 1172, 2713, 2715, 2718, 4254, 677, 4268, 1722, 199, 2251, 1244, 228, 1764, 1765, 3812, 3304, 4327, 6377, 235, 236, 3308, 1774, 1775, 4334, 3313, 1778, 4850, 1790, 1278, 3329, 4875, 1812, 3351, 4891, 1825, 4395, 2348, 3376, 3377, 2866, 2355, 4917, 4920, 829, 868, 2917, 3433, 377, 2941, 3470, 1426, 1938, 1939, 1943, 3994, 1947, 3484, 5026, 5540, 3493, 4005, 4006, 4011, 2496, 4048, 1495, 1498, 2524, 1506, 2531, 3047, 5612, 494, 3567, 2549, 2551, 3576, 1529, 3066]}
20012566;20012566;20012566;;;4355;;;4355;0;0;4355;{'1': [5121, 4995, 4356, 2835, 2455, 155, 924, 1183, 3999, 2466, 5413, 3751, 3496, 4903, 1966, 176, 1331, 6195, 565, 824, 446, 704, 3520, 4674, 4040, 2122, 2891, 5200, 4689, 4950, 3038, 2790, 1134, 119, 4344]}
20003804-1;20003804-1;200038041;;;;;;0;0;0;0;{'1': []}
20049617-8;20049617-8;200496178;;;;;;0;0;0;0;{'1': []}
20032011-6;20032011-6;200320116;;;;;;0;0;0;0;{'1': []}
20019360-2;20019360-2;200193602;;;30;;;30;0;0;30;{'1': [3458]}
20112633-1;20112633-1;201126331;;;;;;0;0;0;0;{'1': []}
19988153-1;19988153-1;199881531;;;8;;;8;0;0;8;{'1': [5411, 4901, 4038, 6099, 5269, 2678, 2456, 3037, 5983]}
20175802;20175802;20175802;;;840;;;840;0;0;840;{'1': [1952, 4706, 3491, 4131, 166, 1814, 1306, 4094]}
20036703;20036703;20036703;;;;;;0;0;0;0;{'1': []}
20175802;20175802;20175802;;;840;;;840;0;0;840;{'1': [1952, 4706, 3491, 4131, 166, 1814, 1306, 4094]}
20119309;20119309;20119309;;;;;;0;0;0;0;{'1': []}
20175802;20175802;20175802;;;840;;;840;0;0;840;{'1': [1952, 4706, 3491, 4131, 166, 1814, 1306, 4094]}
20125666;20125666;20125666;;;210;;;210;0;0;210;{'1': [1072, 6471, 3655, 687]}
20151082;20151082;20151082;;;750;;;750;0;0;750;{'1': [69, 139, 2098, 1685, 1845, 2038, 5046, 158]}
20151082;20151082;20151082;;;750;;;750;0;0;750;{'1': [69, 139, 2098, 1685, 1845, 2038, 5046, 158]}
20099791;20099791;20099791;;;;;;0;0;0;0;{'1': []}
20125666;20125666;20125666;;;210;;;210;0;0;210;{'1': [1072, 6471, 3655, 687]}
20125666;20125666;20125666;;;210;;;210;0;0;210;{'1': [1072, 6471, 3655, 687]}
20175802;20175802;20175802;;;840;;;840;0;0;840;{'1': [1952, 4706, 3491, 4131, 166, 1814, 1306, 4094]}
20175802;20175802;20175802;;;840;;;840;0;0;840;{'1': [1952, 4706, 3491, 4131, 166, 1814, 1306, 4094]}
20125491;20125491;20125491;;;64080;;;64080;0;0;64080;{'1': [2054, 2057, 4107, 2071, 4120, 4123, 2076, 2079, 2080, 2081, 2082, 2088, 4136, 2092, 2094, 2101, 54, 4156, 2113, 2115, 2116, 4165, 2119, 2129, 2132, 2136, 2138, 2147, 4200, 2158, 2168, 2181, 2184, 2196, 2203, 2204, 2207, 2210, 4295, 2277, 2291, 2295, 2296, 2318, 282, 4378, 4384, 2346, 2347, 2349, 4399, 2352, 4421, 4422, 2375, 2376, 4423, 2384, 4432, 2387, 2392, 2394, 4444, 2407, 2415, 2420, 2431, 2434, 389, 2440, 2470, 2495, 2515, 4570, 4573, 4575, 2529, 2548, 4597, 2555, 507, 2563, 4619, 2577, 4625, 2579, 4628, 2585, 538, 4635, 2589, 551, 2634, 4697, 2672, 4744, 4760, 671, 684, 2733, 686, 4789, 694, 2743, 2745, 701, 705, 707, 2761, 714, 2764, 2766, 726, 4833, 745, 777, 780, 781, 783, 4880, 4886, 793, 799, 2854, 825, 833, 837, 4939, 4944, 852, 2908, 2914, 4964, 4967, 876, 878, 879, 4974, 4976, 882, 4979, 885, 4981, 4987, 894, 2943, 4999, 907, 5004, 912, 5009, 5010, 917, 918, 5014, 920, 2969, 926, 5023, 2986, 939, 5035, 5039, 5042, 5048, 957, 5053, 5061, 3015, 5066, 5067, 5077, 983, 5083, 5084, 5085, 990, 991, 5087, 5088, 5090, 995, 5094, 3048, 5099, 5105, 1015, 1018, 5114, 1020, 5115, 5122, 1029, 3078, 5133, 1039, 1046, 1052, 1054, 1061, 1063, 1065, 1066, 1067, 1070, 1071, 1073, 1075, 5180, 1088, 5185, 1091, 1092, 5190, 1095, 5197, 5198, 1104, 5201, 1106, 5202, 5203, 3157, 1110, 5204, 1112, 3160, 5206, 5208, 5210, 1117, 3166, 5212, 5213, 1121, 5214, 3171, 5217, 5220, 5222, 1128, 3176, 1130, 5225, 1132, 1133, 5226, 5227, 5228, 1137, 3186, 5229, 1140, 5232, 1142, 1143, 5233, 5234, 5235, 5247, 1152, 1153, 5251, 5252, 3205, 1162, 1163, 1164, 5259, 1166, 5260, 5264, 1170, 5266, 1174, 5271, 1176, 5273, 5276, 3229, 5277, 1185, 5281, 1189, 1190, 5288, 1194, 1196, 1197, 3244, 1199, 1202, 1205, 1207, 1209, 1210, 3257, 1212, 3262, 3263, 1216, 3266, 3269, 3270, 1223, 3272, 1226, 5323, 5324, 3277, 5325, 5326, 5327, 3281, 1234, 3282, 1236, 3284, 5329, 5332, 5335, 3289, 5337, 5338, 5339, 3294, 1249, 3297, 1251, 3299, 1253, 3301, 5347, 5351, 5352, 3307, 1260, 3311, 3312, 3314, 3316, 3317, 3319, 3321, 3322, 1275, 3323, 3324, 3325, 3327, 5371, 1281, 1282, 1283, 5384, 5386, 5387, 5388, 1294, 3342, 3343, 1297, 3346, 1299, 5390, 5392, 1302, 1303, 1304, 1305, 5396, 5399, 1308, 5403, 1310, 5405, 1312, 5409, 1314, 3362, 1317, 1318, 5415, 5416, 5420, 1325, 1326, 3374, 5427, 5428, 5432, 5435, 1341, 5437, 5439, 5442, 5443, 5445, 1351, 1352, 5447, 5449, 5451, 5453, 5454, 5457, 1363, 1364, 1367, 5465, 1370, 5466, 3421, 1374, 5472, 1378, 5475, 1380, 5476, 5479, 5481, 5483, 3436, 5485, 5486, 5488, 5489, 3443, 1398, 1399, 1400, 5494, 5497, 1403, 5498, 1405, 1407, 1408, 3456, 5505, 5506, 1412, 1413, 1414, 3462, 1416, 5507, 5508, 5510, 1420, 5513, 5514, 1423, 5515, 3473, 5516, 5517, 5519, 5520, 1430, 3486, 1441, 1447, 1449, 1450, 1451, 5545, 1453, 5548, 5551, 3504, 5553, 1459, 5557, 5558, 5559, 5560, 1465, 5561, 5562, 5565, 1470, 5566, 5567, 1473, 5569, 5571, 1479, 1480, 5576, 5577, 5579, 5580, 1486, 1487, 5582, 5583, 5584, 5586, 5587, 5592, 5593, 5594, 1499, 5596, 1501, 5597, 5598, 1504, 5600, 5601, 5602, 1508, 1513, 5611, 5618, 5622, 5624, 5630, 5632, 1537, 1538, 1539, 5634, 3591, 1544, 5639, 5640, 1547, 5644, 5646, 1551, 1554, 5650, 1560, 3617, 5669, 5670, 1576, 5673, 3626, 3627, 5674, 1581, 3630, 5677, 5679, 5681, 3634, 5682, 1588, 3644, 1599, 3660, 3663, 3667, 3669, 3674, 3683, 3686, 5734, 5735, 3689, 5736, 5737, 5738, 5739, 5740, 5741, 5742, 5743, 5744, 5745, 5746, 5747, 5748, 3703, 3704, 5749, 3706, 5750, 5752, 5753, 5754, 5755, 5756, 5761, 1670, 5767, 5768, 1673, 3725, 1681, 1682, 3731, 3733, 1686, 1689, 1690, 1693, 3743, 1696, 1700, 1702, 1704, 1706, 1711, 3760, 1714, 1718, 1720, 1723, 3771, 1727, 3785, 1739, 3816, 3817, 3824, 3829, 3836, 3837, 1801, 1804, 3853, 1807, 1811, 3870, 1828, 3883, 1837, 1846, 1852, 1853, 1854, 1864, 1865, 1866, 3921, 1876, 3924, 1884, 3935, 3944, 1901, 1904, 1911, 1912, 1916, 1918, 3969, 1923, 1936, 3985, 3988, 1945, 1946, 1949, 1955, 1956, 4003, 1958, 1961, 1969, 1974, 1985, 6112, 2020, 4068, 2022, 2023, 2024, 4073, 4078, 4086, 2044]}
20125491;20125491;20125491;;;64080;;;64080;0;0;64080;{'1': [2054, 2057, 4107, 2071, 4120, 4123, 2076, 2079, 2080, 2081, 2082, 2088, 4136, 2092, 2094, 2101, 54, 4156, 2113, 2115, 2116, 4165, 2119, 2129, 2132, 2136, 2138, 2147, 4200, 2158, 2168, 2181, 2184, 2196, 2203, 2204, 2207, 2210, 4295, 2277, 2291, 2295, 2296, 2318, 282, 4378, 4384, 2346, 2347, 2349, 4399, 2352, 4421, 4422, 2375, 2376, 4423, 2384, 4432, 2387, 2392, 2394, 4444, 2407, 2415, 2420, 2431, 2434, 389, 2440, 2470, 2495, 2515, 4570, 4573, 4575, 2529, 2548, 4597, 2555, 507, 2563, 4619, 2577, 4625, 2579, 4628, 2585, 538, 4635, 2589, 551, 2634, 4697, 2672, 4744, 4760, 671, 684, 2733, 686, 4789, 694, 2743, 2745, 701, 705, 707, 2761, 714, 2764, 2766, 726, 4833, 745, 777, 780, 781, 783, 4880, 4886, 793, 799, 2854, 825, 833, 837, 4939, 4944, 852, 2908, 2914, 4964, 4967, 876, 878, 879, 4974, 4976, 882, 4979, 885, 4981, 4987, 894, 2943, 4999, 907, 5004, 912, 5009, 5010, 917, 918, 5014, 920, 2969, 926, 5023, 2986, 939, 5035, 5039, 5042, 5048, 957, 5053, 5061, 3015, 5066, 5067, 5077, 983, 5083, 5084, 5085, 990, 991, 5087, 5088, 5090, 995, 5094, 3048, 5099, 5105, 1015, 1018, 5114, 1020, 5115, 5122, 1029, 3078, 5133, 1039, 1046, 1052, 1054, 1061, 1063, 1065, 1066, 1067, 1070, 1071, 1073, 1075, 5180, 1088, 5185, 1091, 1092, 5190, 1095, 5197, 5198, 1104, 5201, 1106, 5202, 5203, 3157, 1110, 5204, 1112, 3160, 5206, 5208, 5210, 1117, 3166, 5212, 5213, 1121, 5214, 3171, 5217, 5220, 5222, 1128, 3176, 1130, 5225, 1132, 1133, 5226, 5227, 5228, 1137, 3186, 5229, 1140, 5232, 1142, 1143, 5233, 5234, 5235, 5247, 1152, 1153, 5251, 5252, 3205, 1162, 1163, 1164, 5259, 1166, 5260, 5264, 1170, 5266, 1174, 5271, 1176, 5273, 5276, 3229, 5277, 1185, 5281, 1189, 1190, 5288, 1194, 1196, 1197, 3244, 1199, 1202, 1205, 1207, 1209, 1210, 3257, 1212, 3262, 3263, 1216, 3266, 3269, 3270, 1223, 3272, 1226, 5323, 5324, 3277, 5325, 5326, 5327, 3281, 1234, 3282, 1236, 3284, 5329, 5332, 5335, 3289, 5337, 5338, 5339, 3294, 1249, 3297, 1251, 3299, 1253, 3301, 5347, 5351, 5352, 3307, 1260, 3311, 3312, 3314, 3316, 3317, 3319, 3321, 3322, 1275, 3323, 3324, 3325, 3327, 5371, 1281, 1282, 1283, 5384, 5386, 5387, 5388, 1294, 3342, 3343, 1297, 3346, 1299, 5390, 5392, 1302, 1303, 1304, 1305, 5396, 5399, 1308, 5403, 1310, 5405, 1312, 5409, 1314, 3362, 1317, 1318, 5415, 5416, 5420, 1325, 1326, 3374, 5427, 5428, 5432, 5435, 1341, 5437, 5439, 5442, 5443, 5445, 1351, 1352, 5447, 5449, 5451, 5453, 5454, 5457, 1363, 1364, 1367, 5465, 1370, 5466, 3421, 1374, 5472, 1378, 5475, 1380, 5476, 5479, 5481, 5483, 3436, 5485, 5486, 5488, 5489, 3443, 1398, 1399, 1400, 5494, 5497, 1403, 5498, 1405, 1407, 1408, 3456, 5505, 5506, 1412, 1413, 1414, 3462, 1416, 5507, 5508, 5510, 1420, 5513, 5514, 1423, 5515, 3473, 5516, 5517, 5519, 5520, 1430, 3486, 1441, 1447, 1449, 1450, 1451, 5545, 1453, 5548, 5551, 3504, 5553, 1459, 5557, 5558, 5559, 5560, 1465, 5561, 5562, 5565, 1470, 5566, 5567, 1473, 5569, 5571, 1479, 1480, 5576, 5577, 5579, 5580, 1486, 1487, 5582, 5583, 5584, 5586, 5587, 5592, 5593, 5594, 1499, 5596, 1501, 5597, 5598, 1504, 5600, 5601, 5602, 1508, 1513, 5611, 5618, 5622, 5624, 5630, 5632, 1537, 1538, 1539, 5634, 3591, 1544, 5639, 5640, 1547, 5644, 5646, 1551, 1554, 5650, 1560, 3617, 5669, 5670, 1576, 5673, 3626, 3627, 5674, 1581, 3630, 5677, 5679, 5681, 3634, 5682, 1588, 3644, 1599, 3660, 3663, 3667, 3669, 3674, 3683, 3686, 5734, 5735, 3689, 5736, 5737, 5738, 5739, 5740, 5741, 5742, 5743, 5744, 5745, 5746, 5747, 5748, 3703, 3704, 5749, 3706, 5750, 5752, 5753, 5754, 5755, 5756, 5761, 1670, 5767, 5768, 1673, 3725, 1681, 1682, 3731, 3733, 1686, 1689, 1690, 1693, 3743, 1696, 1700, 1702, 1704, 1706, 1711, 3760, 1714, 1718, 1720, 1723, 3771, 1727, 3785, 1739, 3816, 3817, 3824, 3829, 3836, 3837, 1801, 1804, 3853, 1807, 1811, 3870, 1828, 3883, 1837, 1846, 1852, 1853, 1854, 1864, 1865, 1866, 3921, 1876, 3924, 1884, 3935, 3944, 1901, 1904, 1911, 1912, 1916, 1918, 3969, 1923, 1936, 3985, 3988, 1945, 1946, 1949, 1955, 1956, 4003, 1958, 1961, 1969, 1974, 1985, 6112, 2020, 4068, 2022, 2023, 2024, 4073, 4078, 4086, 2044]}
1981349;1981349;1981349;;;;;;0;0;0;0;{'1': []}
20066224;20066224;20066224;;;;;;0;0;0;0;{'1': []}
20091441;20091441;20091441;;;38;;;38;0;0;38;{'1': [2053, 2567, 5391, 405, 2837, 407, 284, 1436, 3102, 4637, 1827, 5667, 4133, 688, 3637, 5431, 5434, 4033, 4418, 5444, 325, 966, 2633, 3918, 721, 1746, 2905, 4186, 4957, 5471, 5605, 742, 617, 2157, 3438, 380, 2172, 4863]}
2015244;2015244;2015244;;;;;;0;0;0;0;{'1': []}
20091953;20091953;20091953;;;;;;0;0;0;0;{'1': []}
20125666;20125666;20125666;;;210;;;210;0;0;210;{'1': [1072, 6471, 3655, 687]}
20175802;20175802;20175802;;;840;;;840;0;0;840;{'1': [1952, 4706, 3491, 4131, 166, 1814, 1306, 4094]}
20175802;20175802;20175802;;;840;;;840;0;0;840;{'1': [1952, 4706, 3491, 4131, 166, 1814, 1306, 4094]}
20067032;20067032;20067032;;;1950;;;1950;0;0;1950;{'1': [1186, 5124, 2949, 678, 1224, 2793, 1515, 3211, 270, 271, 2735, 2928, 2615, 1849, 2075, 2397, 5758, 2879]}
20006732;20006732;20006732;;;;;;0;0;0;0;{'1': []}
20006732;20006732;20006732;;;;;;0;0;0;0;{'1': []}
20027260;20027260;20027260;;;;;;0;0;0;0;{'1': []}
20083745;20083745;20083745;;;;;;0;0;0;0;{'1': []}
20102968;20102968;20102968;;;;;;0;0;0;0;{'1': []}
19955147;19955147;19955147;;;;;;0;0;0;0;{'1': []}
0;0;0;;;;;;0;0;0;0;{'1': []}
53444;53444;53444;;;;;;0;0;0;0;{'1': []}
0;0;0;;;;;;0;0;0;0;{'1': []}
20058786;20058786;20058786;;;;;;0;0;0;0;{'1': []}
20154835;20154835;20154835;;;;;;0;0;0;0;{'1': []}
20108845;20108845;20108845;;;6;;;6;0;0;6;{'1': [433, 2818]}
20223087;20223087;20223087;;;;;;0;0;0;0;{'1': []}
0;0;0;;;;;;0;0;0;0;{'1': []}
20194427;20194427;20194427;;;;;;0;0;0;0;{'1': []}
53444;53444;53444;;;;;;0;0;0;0;{'1': []}
#N/D;#N/D;ND;;;;;;0;0;0;0;{'1': []}
19993862;19993862;19993862;;;;;;0;0;0;0;{'1': []}
20175246-1;20175246-1;201752461;;;;;;0;0;0;0;{'1': []}
#N/D;#N/D;ND;;;;;;0;0;0;0;{'1': []}
20234571;20234571;20234571;;;;;;0;0;0;0;{'1': []}
19955262;19955262;19955262;;;1;;;1;0;0;1;{'1': [2684]}
19955608;19955608;19955608;;;;;;0;0;0;0;{'1': []}
63654;63654;63654;;;3;;;3;0;0;3;{'1': [3224]}
1981349-1;1981349-1;19813491;;;;;;0;0;0;0;{'1': []}
20157433;20157433;20157433;;;;;;0;0;0;0;{'1': []}
20194528-01;20194528-01;2019452801;;;;;;0;0;0;0;{'1': []}
19944041;19944041;19944041;;;317;91;;317;91;0;408;{'1': [4876, 5780, 1830, 4904, 4145, 4146, 3763, 5556, 6197, 4542, 1855, 6339, 2631, 6222, 6223, 6097, 4564, 4566, 4823, 5851, 2918, 3945, 5103, 5368, 3963, 2687]}
NSC0C55125-13CO;NSC0C55125-13CO;NSC0C5512513CO;;;;;;0;0;0;0;{'1': []}
20109428;20109428;20109428;;;240;;;240;0;0;240;{'1': [2770, 4980, 3933]}
20234551;20234551;20234551;;;;;;0;0;0;0;{'1': []}
20235223;20235223;20235223;;;;;;0;0;0;0;{'1': []}
20217175;20217175;20217175;;;;;;0;0;0;0;{'1': []}
20234171;20234171;20234171;;;;;;0;0;0;0;{'1': []}
20071181-2;20071181-2;200711812;;;;;;0;0;0;0;{'1': []}
20071182-3;20071182-3;200711823;;;;;;0;0;0;0;{'1': []}
19955262;19955262;19955262;;;1;;;1;0;0;1;{'1': [2684]}
19955608;19955608;19955608;;;;;;0;0;0;0;{'1': []}
63654;63654;63654;;;3;;;3;0;0;3;{'1': [3224]}
1981349-1;1981349-1;19813491;;;;;;0;0;0;0;{'1': []}
20157433;20157433;20157433;;;;;;0;0;0;0;{'1': []}
20194528-01;20194528-01;2019452801;;;;;;0;0;0;0;{'1': []}
20031822-4;20031822-4;200318224;;;;;;0;0;0;0;{'1': []}
20058363;20058363;20058363;;;;;;0;0;0;0;{'1': []}
19967652;19967652;19967652;;;;;;0;0;0;0;{'1': []}
20054465-1;20054465-1;200544651;;;;;;0;0;0;0;{'1': []}
226679-4;226679-4;2266794;;;;;;0;0;0;0;{'1': []}
20014490-1;20014490-1;200144901;;;;;;0;0;0;0;{'1': []}
56106-3;56106-3;561063;;;;;;0;0;0;0;{'1': []}
44969;44969;44969;;;;;;0;0;0;0;{'1': []}
227376;227376;227376;;;;;;0;0;0;0;{'1': []}
227365;227365;227365;;;;;;0;0;0;0;{'1': []}
33037;33037;33037;;;;;;0;0;0;0;{'1': []}
20070206;20070206;20070206;;;;;;0;0;0;0;{'1': []}
22899-2;22899-2;228992;;;;;;0;0;0;0;{'1': []}
33038;33038;33038;;;;;;0;0;0;0;{'1': []}
51612;51612;51612;;;;;;0;0;0;0;{'1': []}
20133287;20133287;20133287;;;;;;0;0;0;0;{'1': []}
20015207;20015207;20015207;;;;;;0;0;0;0;{'1': []}
20015216;20015216;20015216;;;;;;0;0;0;0;{'1': []}
30051;30051;30051;;;;;;0;0;0;0;{'1': []}
20075633;20075633;20075633;;;;;;0;0;0;0;{'1': []}
20040082-6;20040082-6;200400826;;;;;;0;0;0;0;{'1': []}
42722;42722;42722;;;;;;0;0;0;0;{'1': []}
19974623;19974623;19974623;;;;;;0;0;0;0;{'1': []}
20001059;20001059;20001059;;;;;;0;0;0;0;{'1': []}
20030709;20030709;20030709;;;;;;0;0;0;0;{'1': []}
19943015;19943015;19943015;;;;;;0;0;0;0;{'1': []}
19943979;19943979;19943979;;;;;;0;0;0;0;{'1': []}
20030795;20030795;20030795;;;;;;0;0;0;0;{'1': []}
20027645;20027645;20027645;;;;;;0;0;0;0;{'1': []}
20009747;20009747;20009747;;;;;;0;0;0;0;{'1': []}
19930427;19930427;19930427;;;;;;0;0;0;0;{'1': []}
19960116;19960116;19960116;;;;;;0;0;0;0;{'1': []}
19974622;19974622;19974622;;;;;;0;0;0;0;{'1': []}
20008603;20008603;20008603;;;;;;0;0;0;0;{'1': []}
20027702;20027702;20027702;;;;;;0;0;0;0;{'1': []}
19930429-6;19930429-6;199304296;;;;;;0;0;0;0;{'1': []}
20001113;20001113;20001113;;;;;;0;0;0;0;{'1': []}
20018308-6;20018308-6;200183086;;;;;;0;0;0;0;{'1': []}
20029778;20029778;20029778;;;;;;0;0;0;0;{'1': []}
19927154;19927154;19927154;;;;;;0;0;0;0;{'1': []}
20062852;20062852;20062852;;;;;;0;0;0;0;{'1': []}
20029777;20029777;20029777;;;;;;0;0;0;0;{'1': []}
20029760;20029760;20029760;;;;;;0;0;0;0;{'1': []}
20006244;20006244;20006244;;;;;;0;0;0;0;{'1': []}
20143914;20143914;20143914;;;;;;0;0;0;0;{'1': []}
20029758;20029758;20029758;;;;;;0;0;0;0;{'1': []}
19908543;19908543;19908543;;;;;;0;0;0;0;{'1': []}
19908545;19908545;19908545;;;;;;0;0;0;0;{'1': []}
19983582;19983582;19983582;;;;;;0;0;0;0;{'1': []}
20051082;20051082;20051082;;;;;;0;0;0;0;{'1': []}
19943741-1;19943741-1;199437411;;;1020;;;1020;0;0;1020;{'1': [64, 4096, 1094, 1833, 2153, 1099, 6155, 1103, 5918, 1041, 3602, 1526, 2206]}
20024899;20024899;20024899;;;;;;0;0;0;0;{'1': []}
20035350;20035350;20035350;;;;;;0;0;0;0;{'1': []}
19983585;19983585;19983585;;;;;;0;0;0;0;{'1': []}
20027951;20027951;20027951;;;;;;0;0;0;0;{'1': []}
229538;229538;229538;;;;;;0;0;0;0;{'1': []}
48539-1;48539-1;485391;;;;;;0;0;0;0;{'1': []}
20061730;20061730;20061730;;;;;;0;0;0;0;{'1': []}
47792;47792;47792;;;;;;0;0;0;0;{'1': []}
40407;40407;40407;;;;;;0;0;0;0;{'1': []}
40284-2;40284-2;402842;;;;;;0;0;0;0;{'1': []}
19955370-4;19955370-4;199553704;;;;;;0;0;0;0;{'1': []}
19944041;19944041;19944041;;;317;91;;317;91;0;408;{'1': [4876, 5780, 1830, 4904, 4145, 4146, 3763, 5556, 6197, 4542, 1855, 6339, 2631, 6222, 6223, 6097, 4564, 4566, 4823, 5851, 2918, 3945, 5103, 5368, 3963, 2687]}
93689;93689;93689;;;;;;0;0;0;0;{'1': []}
20014360-4;20014360-4;200143604;;;;;;0;0;0;0;{'1': []}
104739;104739;104739;;;;;;0;0;0;0;{'1': []}
20032093;20032093;20032093;;;;;;0;0;0;0;{'1': []}
20096037;20096037;20096037;;;;;;0;0;0;0;{'1': []}
20014730;20014730;20014730;;;;;;0;0;0;0;{'1': []}
20142533;20142533;20142533;;;;;;0;0;0;0;{'1': []}
20030710-28;20030710-28;2003071028;;;;;;0;0;0;0;{'1': []}
19943740;19943740;19943740;;;;;;0;0;0;0;{'1': []}
20015775-8;20015775-8;200157758;;;;;;0;0;0;0;{'1': []}
20212115;20212115;20212115;;;;;;0;0;0;0;{'1': []}
57692-1;57692-1;576921;;;;;;0;0;0;0;{'1': []}
2005669-3;2005669-3;20056693;;;;;;0;0;0;0;{'1': []}
200640;200640;200640;;;;;;0;0;0;0;{'1': []}
20218076;20218076;20218076;;;;;;0;0;0;0;{'1': []}
20212115;20212115;20212115;;;;;;0;0;0;0;{'1': []}
1981349;1981349;1981349;;;;;;0;0;0;0;{'1': []}
0;0;0;;;;;;0;0;0;0;{'1': []}
20032011-9;20032011-9;200320119;;;17;;;17;0;0;17;{'1': [4361, 5353, 334, 1618, 2068, 4984, 698, 1021]}
NSOC06986-21CO;NSOC06986-21CO;NSOC0698621CO;;;;;;0;0;0;0;{'1': []}
20137157;20137157;20137157;;;;;;0;0;0;0;{'1': []}
19908041-3;19908041-3;199080413;;;;;;0;0;0;0;{'1': []}
20007729-6;20007729-6;200077296;;;;;;0;0;0;0;{'1': []}
20154835;20154835;20154835;;;;;;0;0;0;0;{'1': []}
RSA00171802022;RSA00171802022;RSA00171802022;;;;;;0;0;0;0;{'1': []}
2018DM-001850;2018DM-001850;2018DM001850;;;;;;0;0;0;0;{'1': []}
19930311-2;19930311-2;199303112;;;60;;;60;0;0;60;{'1': [4790]}
2019RD-0005466;2019RD-0005466;2019RD0005466;;;;;;0;0;0;0;{'1': []}
20193080;20193080;20193080;;;;;;0;0;0;0;{'1': []}
19993862;19993862;19993862;;;;;;0;0;0;0;{'1': []}
20003165-8;20003165-8;200031658;;;;;;0;0;0;0;{'1': []}
20015464;20015464;20015464;;;;;;0;0;0;0;{'1': []}
20024861;20024861;20024861;;;;;;0;0;0;0;{'1': []}
0;0;0;;;;;;0;0;0;0;{'1': []}
0;0;0;;;;;;0;0;0;0;{'1': []}
170176;170176;170176;;;;;;0;0;0;0;{'1': []}
20119940-07;20119940-07;2011994007;;;;;;0;0;0;0;{'1': []}
0;0;0;;;;;;0;0;0;0;{'1': []}
20135836-7;20135836-7;201358367;;;;;;0;0;0;0;{'1': []}
20096059-2;20096059-2;200960592;;;;;;0;0;0;0;{'1': []}
NSOC00300-20CO;NSOC00300-20CO;NSOC0030020CO;;;;;;0;0;0;0;{'1': []}
45047-2;45047-2;450472;;;;;;0;0;0;0;{'1': []}
230417-06;230417-06;23041706;;;;;;0;0;0;0;{'1': []}
20178372-1;20178372-1;201783721;;;;;;0;0;0;0;{'1': []}
20078798-1;20078798-1;200787981;;;;;;0;0;0;0;{'1': []}
19993409-9;19993409-9;199934099;;;;;;0;0;0;0;{'1': []}
20072221-3;20072221-3;200722213;;;;;;0;0;0;0;{'1': []}
20007636-2;20007636-2;200076362;;;;;;0;0;0;0;{'1': []}
2020DM-0021620;2020DM-0021620;2020DM0021620;;;;;;0;0;0;0;{'1': []}
2020DM-0021620;2020DM-0021620;2020DM0021620;;;;;;0;0;0;0;{'1': []}
2020DM-0021620;2020DM-0021620;2020DM0021620;;;;;;0;0;0;0;{'1': []}
2020DM-0021620;2020DM-0021620;2020DM0021620;;;;;;0;0;0;0;{'1': []}
2020DM-0021620;2020DM-0021620;2020DM0021620;;;;;;0;0;0;0;{'1': []}
2020DM-0021620;2020DM-0021620;2020DM0021620;;;;;;0;0;0;0;{'1': []}
2020DM-0021620;2020DM-0021620;2020DM0021620;;;;;;0;0;0;0;{'1': []}
2020DM-0021620;2020DM-0021620;2020DM0021620;;;;;;0;0;0;0;{'1': []}
2020DM-0021620;2020DM-0021620;2020DM0021620;;;;;;0;0;0;0;{'1': []}
2020DM-0021620;2020DM-0021620;2020DM0021620;;;;;;0;0;0;0;{'1': []}
2020DM-0021561;2020DM-0021561;2020DM0021561;;;;;;0;0;0;0;{'1': []}
2020DM-0021561;2020DM-0021561;2020DM0021561;;;;;;0;0;0;0;{'1': []}
2020DM-0021561;2020DM-0021561;2020DM0021561;;;;;;0;0;0;0;{'1': []}
2021DM-0007550-R1;2021DM-0007550-R1;2021DM0007550R1;;;;;;0;0;0;0;{'1': []}
2021DM-0007550-R1;2021DM-0007550-R1;2021DM0007550R1;;;;;;0;0;0;0;{'1': []}
2021DM-0007550-R1;2021DM-0007550-R1;2021DM0007550R1;;;;;;0;0;0;0;{'1': []}
2021DM-0007550-R1;2021DM-0007550-R1;2021DM0007550R1;;;;;;0;0;0;0;{'1': []}
2021DM-0007550-R1;2021DM-0007550-R1;2021DM0007550R1;;;;;;0;0;0;0;{'1': []}
2021DM-0007550-R1;2021DM-0007550-R1;2021DM0007550R1;;;;;;0;0;0;0;{'1': []}
2021DM-0007550-R1;2021DM-0007550-R1;2021DM0007550R1;;;;;;0;0;0;0;{'1': []}
2021DM-0007550-R1;2021DM-0007550-R1;2021DM0007550R1;;;;;;0;0;0;0;{'1': []}
2021DM-0007550-R1;2021DM-0007550-R1;2021DM0007550R1;;;;;;0;0;0;0;{'1': []}
2018DM-0018798;2018DM-0018798;2018DM0018798;;;;;;0;0;0;0;{'1': []}
2020DM-0021561;2020DM-0021561;2020DM0021561;;;;;;0;0;0;0;{'1': []}
2018DM-0018813;2018DM-0018813;2018DM0018813;;;;;;0;0;0;0;{'1': []}
2018DM-0018813;2018DM-0018813;2018DM0018813;;;;;;0;0;0;0;{'1': []}
2018DM-0018813;2018DM-0018813;2018DM0018813;;;;;;0;0;0;0;{'1': []}
2018DM-0018813;2018DM-0018813;2018DM0018813;;;;;;0;0;0;0;{'1': []}
2018DM-0018813;2018DM-0018813;2018DM0018813;;;;;;0;0;0;0;{'1': []}
19928118-2;19928118-2;199281182;;;;;;0;0;0;0;{'1': []}
20178372-1;20178372-1;201783721;;;;;;0;0;0;0;{'1': []}
2014-DM000732-R3;2014-DM000732-R3;2014DM000732R3;;;;;;0;0;0;0;{'1': []}
0;0;0;;;;;;0;0;0;0;{'1': []}
170196;170196;170196;;;;;;0;0;0;0;{'1': []}
RSA-0032340-2024;RSA-0032340-2024;RSA00323402024;;;;;;0;0;0;0;{'1': []}
RSA-0032334-2024;RSA-0032334-2024;RSA00323342024;;;;;;0;0;0;0;{'1': []}
RSA-0020175-2022;RSA-0020175-2022;RSA00201752022;;;;;;0;0;0;0;{'1': []}
RSA-0007556-2019;RSA-0007556-2019;RSA00075562019;;;;;;0;0;0;0;{'1': []}
20035564;20035564;20035564;;;;;;0;0;0;0;{'1': []}
20048393-1;20048393-1;200483931;;;;;;0;0;0;0;{'1': []}
19933984;19933984;19933984;;;;;;0;0;0;0;{'1': []}
20016868-4;20016868-4;200168684;;;;;;0;0;0;0;{'1': []}
20082591-3;20082591-3;200825913;;;;;;0;0;0;0;{'1': []}
20060251;20060251;20060251;;;;;;0;0;0;0;{'1': []}
20020276-1;20020276-1;200202761;;;;;;0;0;0;0;{'1': []}
20137724-1;20137724-1;201377241;;;;;;0;0;0;0;{'1': []}
36270-3;36270-3;362703;;;;;;0;0;0;0;{'1': []}
20093591-2;20093591-2;200935912;;;;;;0;0;0;0;{'1': []}
35134-1;35134-1;351341;;;;;;0;0;0;0;{'1': []}
20082410-2;20082410-2;200824102;;;;;;0;0;0;0;{'1': []}
20171458-1;20171458-1;201714581;;;;;;0;0;0;0;{'1': []}
19908024-3;19908024-3;199080243;;;;;;0;0;0;0;{'1': []}
20102025-4;20102025-4;201020254;;;;;;0;0;0;0;{'1': []}
20076277-3;20076277-3;200762773;;;49;;;49;0;0;49;{'1': [2276, 1676, 4716, 5613, 531, 1942, 3606, 2878]}
19967651-2;19967651-2;199676512;;;;;;0;0;0;0;{'1': []}
19967652-3;19967652-3;199676523;;;;;;0;0;0;0;{'1': []}
20098801-3;20098801-3;200988013;;;;;;0;0;0;0;{'1': []}
19993896-2;19993896-2;199938962;;;;;;0;0;0;0;{'1': []}
20066919-2;20066919-2;200669192;;;;;;0;0;0;0;{'1': []}
19938305-4;19938305-4;199383054;;;;;;0;0;0;0;{'1': []}
19948946-1;19948946-1;199489461;;;;;;0;0;0;0;{'1': []}
19983733-3;19983733-3;199837333;;;;;;0;0;0;0;{'1': []}
42163-1;42163-1;421631;;;;;;0;0;0;0;{'1': []}
19930311-6;19930311-6;199303116;;;;;;0;0;0;0;{'1': []}
19988133-1;19988133-1;199881331;;;;;;0;0;0;0;{'1': []}
20025916-1;20025916-1;200259161;;;;;;0;0;0;0;{'1': []}
20090770-1;20090770-1;200907701;;;;;;0;0;0;0;{'1': []}
19931663-2;19931663-2;199316632;;;;;;0;0;0;0;{'1': []}
20048393-1;20048393-1;200483931;;;;;;0;0;0;0;{'1': []}
19998580-1;19998580-1;199985801;;;;;;0;0;0;0;{'1': []}
19988136-1;19988136-1;199881361;;;;;;0;0;0;0;{'1': []}
20066634-1;20066634-1;200666341;;;;;;0;0;0;0;{'1': []}
20093590-2;20093590-2;200935902;;;;;;0;0;0;0;{'1': []}
20026600-2;20026600-2;200266002;;;;;;0;0;0;0;{'1': []}
28704-4;28704-4;287044;;;;;;0;0;0;0;{'1': []}
228320-1;228320-1;2283201;;;;;;0;0;0;0;{'1': []}
29529-2;29529-2;295292;;;;;;0;0;0;0;{'1': []}
20104307-3;20104307-3;201043073;;;;;;0;0;0;0;{'1': []}
20124004-9;20124004-9;201240049;;;;;;0;0;0;0;{'1': []}
20127891-23;20127891-23;2012789123;;;;;;0;0;0;0;{'1': []}
20122950-1;20122950-1;201229501;;;;;;0;0;0;0;{'1': []}
20112120-1;20112120-1;201121201;;;;;;0;0;0;0;{'1': []}
20170551-1;20170551-1;201705511;;;;;;0;0;0;0;{'1': []}
20107928-1;20107928-1;201079281;;;;;;0;0;0;0;{'1': []}
19992617-4;19992617-4;199926174;;;;;;0;0;0;0;{'1': []}
20015346-3;20015346-3;200153463;;;;;;0;0;0;0;{'1': []}
19953428-3;19953428-3;199534283;;;;;;0;0;0;0;{'1': []}
227035-8;227035-8;2270358;;;;;;0;0;0;0;{'1': []}
20117950-1;20117950-1;201179501;;;;;;0;0;0;0;{'1': []}
19981181-1;19981181-1;199811811;;;;;;0;0;0;0;{'1': []}
20101895-1;20101895-1;201018951;;;;;;0;0;0;0;{'1': []}
20087648-1;20087648-1;200876481;;;;;;0;0;0;0;{'1': []}
20088052-1;20088052-1;200880521;;;;;;0;0;0;0;{'1': []}
20096376-1;20096376-1;200963761;;;;;;0;0;0;0;{'1': []}
20062725-5;20062725-5;200627255;;;;;;0;0;0;0;{'1': []}
20007778-6;20007778-6;200077786;;;;;;0;0;0;0;{'1': []}
20080728-4;20080728-4;200807284;;;;;;0;0;0;0;{'1': []}
20112126-5;20112126-5;201121265;;;;;;0;0;0;0;{'1': []}
20131283-1;20131283-1;201312831;;;;;;0;0;0;0;{'1': []}
20213262-1;20213262-1;202132621;;;;;;0;0;0;0;{'1': []}
55156-4;55156-4;551564;;;;;;0;0;0;0;{'1': []}
19953021-2;19953021-2;199530212;;;;;;0;0;0;0;{'1': []}
20091274-3;20091274-3;200912743;;;;;;0;0;0;0;{'1': []}
19946337-1;19946337-1;199463371;;;;;;0;0;0;0;{'1': []}
19986854-6;19986854-6;199868546;;;;;;0;0;0;0;{'1': []}
20141006-2;20141006-2;201410062;;;;;;0;0;0;0;{'1': []}
58931-1;58931-1;589311;;;;;;0;0;0;0;{'1': []}
53512-1;53512-1;535121;;;;;;0;0;0;0;{'1': []}
19950134-2;19950134-2;199501342;;;;;;0;0;0;0;{'1': []}
19950135-2;19950135-2;199501352;;;;;;0;0;0;0;{'1': []}
20071649-1;20071649-1;200716491;;;;;;0;0;0;0;{'1': []}
19910693-6;19910693-6;199106936;;;;;;0;0;0;0;{'1': [6439]}
20093180-1;20093180-1;200931801;;;;;;0;0;0;0;{'1': []}
20190631-3;20190631-3;201906313;;;;;;0;0;0;0;{'1': []}
20122550-1;20122550-1;201225501;;;;;;0;0;0;0;{'1': []}
19975104-3;19975104-3;199751043;;;;;;0;0;0;0;{'1': []}
19981554-2;19981554-2;199815542;;;;;;0;0;0;0;{'1': []}
46264-1;46264-1;462641;;;;;;0;0;0;0;{'1': []}
20137942-1;20137942-1;201379421;;;;;;0;0;0;0;{'1': []}
20115050-2;20115050-2;201150502;;;;;;0;0;0;0;{'1': []}
20049458-4;20049458-4;200494584;;;;;;0;0;0;0;{'1': []}
20094683-3;20094683-3;200946833;;;;;;0;0;0;0;{'1': []}
19996986-4;19996986-4;199969864;;;;;;0;0;0;0;{'1': []}
37193-2;37193-2;371932;;;;;;0;0;0;0;{'1': []}
39227-5;39227-5;392275;;;;;;0;0;0;0;{'1': []}
19988126-1;19988126-1;199881261;;;;;;0;0;0;0;{'1': []}
19914784-1;19914784-1;199147841;;;;;;0;0;0;0;{'1': []}
43731-1;43731-1;437311;;;;;;0;0;0;0;{'1': []}
20006016-1;20006016-1;200060161;;;;;;0;0;0;0;{'1': []}
20007947-2;20007947-2;200079472;;;;;;0;0;0;0;{'1': []}
20094435-1;20094435-1;200944351;;;;;;0;0;0;0;{'1': []}
20069399-1;20069399-1;200693991;;;;;;0;0;0;0;{'1': []}
20058193-3;20058193-3;200581933;;;;;;0;0;0;0;{'1': []}
20096693-1;20096693-1;200966931;;;;;;0;0;0;0;{'1': []}
56222-1;56222-1;562221;;;;;;0;0;0;0;{'1': []}
19922943-2;19922943-2;199229432;;;;;;0;0;0;0;{'1': []}
19956183-6;19956183-6;199561836;;;;;;0;0;0;0;{'1': []}
19945495-2;19945495-2;199454952;;;;;;0;0;0;0;{'1': []}
19991710-5;19991710-5;199917105;;;;;;0;0;0;0;{'1': []}
19948554;19948554;19948554;;;;;;0;0;0;0;{'1': []}
19941996-1;19941996-1;199419961;;;;;;0;0;0;0;{'1': []}
140101;140101;140101;;;;;;0;0;0;0;{'1': []}
20041201;20041201;20041201;;;;;;0;0;0;0;{'1': []}
19936313;19936313;19936313;;;;;;0;0;0;0;{'1': []}
52033-4;52033-4;520334;;;;;;0;0;0;0;{'1': []}
55839-1;55839-1;558391;;;;;;0;0;0;0;{'1': []}
20172873;20172873;20172873;;;;;;0;0;0;0;{'1': []}
20119257-13;20119257-13;2011925713;;;;;;0;0;0;0;{'1': []}
19978181-38;19978181-38;1997818138;;;;;;0;0;0;0;{'1': []}
19966171-1;19966171-1;199661711;;;;;;0;0;0;0;{'1': []}
20063548-1;20063548-1;200635481;;;;;;0;0;0;0;{'1': []}
20237638;20237638;20237638;;;;;;0;0;0;0;{'1': []}
20235360;20235360;20235360;;;18;;;18;0;0;18;{'1': [1844, 6391, 3800, 3801, 4219]}
43442-1;43442-1;434421;;;;;;0;0;0;0;{'1': []}
19936412-2;19936412-2;199364122;;;;;;0;0;0;0;{'1': []}
20155907-1;20155907-1;201559071;;;;;;0;0;0;0;{'1': []}
20028604-02;20028604-02;2002860402;;;;;;0;0;0;0;{'1': []}
20010103-2;20010103-2;200101032;;;;;;0;0;0;0;{'1': []}
20023655-1;20023655-1;200236551;;;;;;0;0;0;0;{'1': []}
20018391-1;20018391-1;200183911;;;;;;0;0;0;0;{'1': []}
20056874-2;20056874-2;200568742;;;;;;0;0;0;0;{'1': []}
20043156-3;20043156-3;200431563;;;;;;0;0;0;0;{'1': []}
170176;170176;170176;;;;;;0;0;0;0;{'1': []}
20084120-1;20084120-1;200841201;;;;;;0;0;0;0;{'1': [6159]}
20220614-1;20220614-1;202206141;;;;;;0;0;0;0;{'1': []}
20103120-21;20103120-21;2010312021;;;;;;0;0;0;0;{'1': []}
20070806-4;20070806-4;200708064;;;;;;0;0;0;0;{'1': []}
20010103-2;20010103-2;200101032;;;;;;0;0;0;0;{'1': []}
20010102-1;20010102-1;200101021;;;;;;0;0;0;0;{'1': []}
20024861-10;20024861-10;2002486110;;;;;;0;0;0;0;{'1': []}
38692-1;38692-1;386921;;;;;;0;0;0;0;{'1': []}
19950940-1;19950940-1;199509401;;;;;;0;0;0;0;{'1': []}
20088762-1;20088762-1;200887621;;;;;;0;0;0;0;{'1': []}
20085383-15;20085383-15;2008538315;;;;;;0;0;0;0;{'1': []}
20057389-2;20057389-2;200573892;;;;;;0;0;0;0;{'1': []}
20122982-1;20122982-1;201229821;;;;;;0;0;0;0;{'1': []}
