codigo_neg;codigo_negociado;codigo_negociado_norm;codigo_cum;codigo_cum_norm;cantidad_total_1;cantidad_parcial_1;cantidad_pendiente_1;cantidad_total_2;cantidad_parcial_2;cantidad_pendiente_2;total_entregado_total;total_entregado_parcial;total_pendiente;Total;matched_rows_per_source
19961332;19961332;19961332;;;;;;;;;0;0;0;0;{'1': [], '2': []}
20175052;20175052;20175052;;;;;;;;;0;0;0;0;{'1': [], '2': []}
20042602;20042602;20042602;;;;;;3;;;3;0;0;3;{'1': [], '2': [4545]}
20038247;20038247;20038247;;;;;;;;;0;0;0;0;{'1': [], '2': []}
20192064;20192064;20192064;;;;;;;;;0;0;0;0;{'1': [], '2': []}
29523-3;29523-3;295233;;;;;;18;;;18;0;0;18;{'1': [10545, 11830, 14567], '2': [882, 2222]}
20194751;20194751;20194751;;;90;60;;64;20;;154;80;0;234;{'1': [13577, 13578, 6032, 6033, 3488, 3107, 9126, 5159, 9127, 3116, 5809, 5810, 5175, 5176, 11832, 9023, 8000, 9024, 8904, 4172, 14677, 9960, 9961, 4849], '2': [6345, 6346, 3468, 5647, 5648, 4277, 4278, 1590, 6046, 1535]}
20177170;20177170;20177170;;;2402;1218;;540;26;;2942;1244;0;4186;{'1': [2569, 8848, 12818, 8213, 2582, 6552, 8344, 14234, 2078, 671, 10144, 9893, 13605, 6696, 10024, 2733, 10031, 9905, 2741, 10038, 7352, 9145, 11716, 9803, 7372, 3535, 7889, 12885, 11227, 14044, 11105, 13412, 3433, 12139, 7533, 4847, 3445, 889, 2558], '2': [1216, 1536, 166, 5511, 3021, 3920, 4726, 4854, 383]}
20047854;20047854;20047854;;;3;;;;;;3;0;0;3;{'1': [13363, 12242, 667], '2': [3875]}
20152619;20152619;20152619;;;;;;;;;0;0;0;0;{'1': [], '2': []}
20177170;20177170;20177170;;;2402;1218;;540;26;;2942;1244;0;4186;{'1': [2569, 8848, 12818, 8213, 2582, 6552, 8344, 14234, 2078, 671, 10144, 9893, 13605, 6696, 10024, 2733, 10031, 9905, 2741, 10038, 7352, 9145, 11716, 9803, 7372, 3535, 7889, 12885, 11227, 14044, 11105, 13412, 3433, 12139, 7533, 4847, 3445, 889, 2558], '2': [1216, 1536, 166, 5511, 3021, 3920, 4726, 4854, 383]}
20030726;20030726;20030726;;;;;;;;;0;0;0;0;{'1': [], '2': []}
20079776;20079776;20079776;;;63;31;;1;;;64;31;0;95;{'1': [11938, 11849, 2924, 8048, 2929, 11955, 13246, 6455, 13401, 2462], '2': [412, 838]}
19942227-2;19942227-2;199422272;;;14;12;;7;;;21;12;0;33;{'1': [6595, 10981, 13579, 6220, 3533, 14607, 14034, 14678, 14267, 4605], '2': [4576, 4555, 4729, 382, 4543]}
20056290-1;20056290-1;200562901;;;;;;;;;0;0;0;0;{'1': [14527, 11839], '2': []}
19942227-2;19942227-2;199422272;;;14;12;;7;;;21;12;0;33;{'1': [6595, 10981, 13579, 6220, 3533, 14607, 14034, 14678, 14267, 4605], '2': [4576, 4555, 4729, 382, 4543]}
20238691;20238691;20238691;;;60;150;;60;;;120;150;0;270;{'1': [14945, 6118, 8203, 11052, 14446, 9685, 7615], '2': [1675]}
19942227-2;19942227-2;199422272;;;14;12;;7;;;21;12;0;33;{'1': [6595, 10981, 13579, 6220, 3533, 14607, 14034, 14678, 14267, 4605], '2': [4576, 4555, 4729, 382, 4543]}
20125878;20125878;20125878;;;;;;;;;0;0;0;0;{'1': [], '2': []}
0;0;0;;;;;;;;;0;0;0;0;{'1': [], '2': []}
20103181-11;20103181-11;2010318111;;;200;420;;360;120;;560;540;0;1100;{'1': [13633, 132, 14854, 904, 5833, 12555, 5645, 7312, 9918], '2': [3265, 6434, 3141, 231, 2830, 989, 4694, 314, 2429]}
20063548-1;20063548-1;200635481;;;;;;;;;0;0;0;0;{'1': [], '2': []}
226346-6;226346-6;2263466;;;;;;;;;0;0;0;0;{'1': [], '2': []}
20097785-17;20097785-17;2009778517;;;480;144;;710;1458;;1190;1602;0;2792;{'1': [8482, 13987, 11206, 12810, 14027, 10445, 9775, 12304, 14608, 12210, 13810, 14931, 12119, 11994], '2': [3329, 6530, 6658, 3204, 4744, 6410, 2192, 2832, 6417, 5779, 4758, 4247, 2843, 411, 2846, 802, 804, 6565, 4136, 6697, 4779, 4780, 6574, 6709, 5566, 3777, 2627, 4550, 5576, 2891, 2641, 5078, 5976, 6234, 348, 5982, 4703, 2400, 5485]}
20012566;20012566;20012566;;;1572;1061;;1500;540;;3072;1601;0;4673;{'1': [13447, 13580, 14092, 7950, 5136, 668, 2077, 3490, 9764, 9894, 9768, 6454, 9657, 14268, 11203, 7368, 3531, 6219, 4818, 14680, 996, 12912, 1654], '2': [4321, 325, 5733, 6184, 4553, 4688, 1201, 1491, 5593, 4730, 379, 4572, 5245, 4542]}
20003804-1;20003804-1;200038041;;;1;5;;1;;;2;5;0;7;{'1': [5729, 6790, 10443, 12749, 12729], '2': [1927, 2056, 2955, 4847, 3902, 2039, 3582, 2975]}
20049617-8;20049617-8;200496178;;;;;;;;;0;0;0;0;{'1': [], '2': []}
20032011-6;20032011-6;200320116;;;;;;;;;0;0;0;0;{'1': [], '2': []}
20019360-2;20019360-2;200193602;;;40;;;120;;;160;0;0;160;{'1': [14752, 11659], '2': [4772, 6380, 2766, 366, 5871, 1942]}
20112633-1;20112633-1;201126331;;;;;;;;;0;0;0;0;{'1': [], '2': []}
19988153-1;19988153-1;199881531;;;10;2;;4;;;14;2;0;16;{'1': [3074, 268, 11921, 3097, 14494, 10529, 14503, 14639, 13236, 12854, 4665, 12091, 11843, 13259, 3532, 11853, 9555, 216, 11494, 13422, 12020, 6133, 6134], '2': [3872, 3779, 1893, 1897, 3851, 3662, 2417, 1810, 5201, 4725, 1625, 762, 891, 3774]}
20175802;20175802;20175802;;;;540;;;90;;0;630;0;630;{'1': [4522, 6026, 9135, 9044, 1209], '2': [3418]}
20036703;20036703;20036703;;;;2;;;1;;0;3;0;3;{'1': [12856, 12865], '2': [4484]}
20175802;20175802;20175802;;;;540;;;90;;0;630;0;630;{'1': [4522, 6026, 9135, 9044, 1209], '2': [3418]}
20119309;20119309;20119309;;;;;;;;;0;0;0;0;{'1': [], '2': []}
20175802;20175802;20175802;;;;540;;;90;;0;630;0;630;{'1': [4522, 6026, 9135, 9044, 1209], '2': [3418]}
20125666;20125666;20125666;;;;;;;;;0;0;0;0;{'1': [], '2': []}
20151082;20151082;20151082;;;90;1200;;;;;90;1200;0;1290;{'1': [7937, 5573, 4230, 4301, 9166, 10894, 176, 177, 5649, 6000, 9104, 12789, 2518, 6430], '2': []}
20151082;20151082;20151082;;;90;1200;;;;;90;1200;0;1290;{'1': [7937, 5573, 4230, 4301, 9166, 10894, 176, 177, 5649, 6000, 9104, 12789, 2518, 6430], '2': []}
20099791;20099791;20099791;;;;;;;;;0;0;0;0;{'1': [], '2': []}
20125666;20125666;20125666;;;;;;;;;0;0;0;0;{'1': [], '2': []}
20125666;20125666;20125666;;;;;;;;;0;0;0;0;{'1': [], '2': []}
20175802;20175802;20175802;;;;540;;;90;;0;630;0;630;{'1': [4522, 6026, 9135, 9044, 1209], '2': [3418]}
20175802;20175802;20175802;;;;540;;;90;;0;630;0;630;{'1': [4522, 6026, 9135, 9044, 1209], '2': [3418]}
20125491;20125491;20125491;;;1920;29640;;300;1680;;2220;31320;0;33540;{'1': [6185, 6187, 6191, 8243, 8244, 12342, 8249, 6203, 8263, 6216, 8268, 4174, 6225, 8274, 4181, 12373, 6232, 6251, 8301, 8304, 6258, 12404, 4213, 8318, 4228, 12423, 4237, 4238, 12434, 2208, 4259, 8361, 4276, 4283, 8379, 6340, 8389, 6343, 4297, 6357, 6359, 6362, 6365, 234, 2284, 252, 4351, 8457, 266, 12560, 4414, 6480, 342, 4440, 4449, 12642, 361, 4463, 6524, 6528, 6530, 6533, 12681, 4530, 10681, 4542, 10702, 462, 4586, 4593, 10741, 4613, 4619, 10778, 14874, 10780, 546, 4647, 6712, 4669, 4670, 10833, 14937, 6746, 14953, 2672, 6768, 8820, 6779, 6784, 10883, 2692, 10905, 10909, 4769, 6817, 8876, 2739, 6847, 10947, 10950, 6857, 4810, 6858, 8909, 4814, 6863, 722, 4822, 6873, 10977, 10979, 6895, 6898, 8947, 6908, 8961, 6914, 6922, 6927, 6930, 6931, 6940, 8990, 9000, 2857, 2858, 6981, 6983, 9033, 6989, 2896, 9042, 11090, 2908, 9059, 9064, 9068, 9073, 9074, 7029, 7032, 9080, 2938, 2939, 9081, 7040, 7045, 7046, 7059, 2972, 7081, 9132, 7091, 2996, 7092, 7100, 7105, 9154, 9167, 5073, 978, 5074, 3037, 9182, 5090, 7142, 3050, 7151, 5106, 9205, 7164, 1030, 7176, 5131, 7180, 9230, 7191, 3099, 5154, 1061, 5169, 5178, 9274, 11338, 1111, 5234, 9342, 5256, 9365, 11418, 13466, 5325, 13519, 5346, 5361, 5372, 5381, 5382, 5394, 1306, 9509, 5417, 5436, 9535, 9536, 1346, 1350, 5452, 7502, 1362, 9556, 1370, 1375, 9573, 5478, 1383, 7541, 7547, 13691, 5503, 5507, 1413, 13714, 5526, 3480, 1435, 9629, 9631, 1452, 3501, 9646, 3504, 9649, 1460, 3510, 5563, 9660, 5567, 3520, 5572, 3525, 3526, 5580, 3536, 5586, 1491, 7638, 1495, 1499, 1501, 3550, 1506, 13796, 3557, 9702, 3560, 7657, 3562, 5612, 13807, 7667, 9725, 1538, 7686, 9743, 3616, 3622, 3628, 5677, 7758, 9826, 5734, 9832, 7796, 9852, 5773, 7826, 7839, 1696, 7847, 7854, 3763, 3766, 14007, 14022, 7885, 14031, 7914, 9965, 7933, 9983, 9987, 7941, 9993, 10000, 10001, 1813, 7964, 5929, 10034, 7990, 5955, 1860, 10062, 5969, 5976, 10078, 10097, 6006, 6021, 10119, 8072, 10129, 10149, 10161, 6068, 6083, 12230, 12232, 2007, 12252, 12260, 6117], '2': [1154, 2179, 2311, 1418, 271, 1039, 25, 1314, 1187, 1581, 2610, 6326, 1604, 2508, 79, 2267, 1501, 2665, 2538, 6127, 120, 123, 4863]}
20125491;20125491;20125491;;;1920;29640;;300;1680;;2220;31320;0;33540;{'1': [6185, 6187, 6191, 8243, 8244, 12342, 8249, 6203, 8263, 6216, 8268, 4174, 6225, 8274, 4181, 12373, 6232, 6251, 8301, 8304, 6258, 12404, 4213, 8318, 4228, 12423, 4237, 4238, 12434, 2208, 4259, 8361, 4276, 4283, 8379, 6340, 8389, 6343, 4297, 6357, 6359, 6362, 6365, 234, 2284, 252, 4351, 8457, 266, 12560, 4414, 6480, 342, 4440, 4449, 12642, 361, 4463, 6524, 6528, 6530, 6533, 12681, 4530, 10681, 4542, 10702, 462, 4586, 4593, 10741, 4613, 4619, 10778, 14874, 10780, 546, 4647, 6712, 4669, 4670, 10833, 14937, 6746, 14953, 2672, 6768, 8820, 6779, 6784, 10883, 2692, 10905, 10909, 4769, 6817, 8876, 2739, 6847, 10947, 10950, 6857, 4810, 6858, 8909, 4814, 6863, 722, 4822, 6873, 10977, 10979, 6895, 6898, 8947, 6908, 8961, 6914, 6922, 6927, 6930, 6931, 6940, 8990, 9000, 2857, 2858, 6981, 6983, 9033, 6989, 2896, 9042, 11090, 2908, 9059, 9064, 9068, 9073, 9074, 7029, 7032, 9080, 2938, 2939, 9081, 7040, 7045, 7046, 7059, 2972, 7081, 9132, 7091, 2996, 7092, 7100, 7105, 9154, 9167, 5073, 978, 5074, 3037, 9182, 5090, 7142, 3050, 7151, 5106, 9205, 7164, 1030, 7176, 5131, 7180, 9230, 7191, 3099, 5154, 1061, 5169, 5178, 9274, 11338, 1111, 5234, 9342, 5256, 9365, 11418, 13466, 5325, 13519, 5346, 5361, 5372, 5381, 5382, 5394, 1306, 9509, 5417, 5436, 9535, 9536, 1346, 1350, 5452, 7502, 1362, 9556, 1370, 1375, 9573, 5478, 1383, 7541, 7547, 13691, 5503, 5507, 1413, 13714, 5526, 3480, 1435, 9629, 9631, 1452, 3501, 9646, 3504, 9649, 1460, 3510, 5563, 9660, 5567, 3520, 5572, 3525, 3526, 5580, 3536, 5586, 1491, 7638, 1495, 1499, 1501, 3550, 1506, 13796, 3557, 9702, 3560, 7657, 3562, 5612, 13807, 7667, 9725, 1538, 7686, 9743, 3616, 3622, 3628, 5677, 7758, 9826, 5734, 9832, 7796, 9852, 5773, 7826, 7839, 1696, 7847, 7854, 3763, 3766, 14007, 14022, 7885, 14031, 7914, 9965, 7933, 9983, 9987, 7941, 9993, 10000, 10001, 1813, 7964, 5929, 10034, 7990, 5955, 1860, 10062, 5969, 5976, 10078, 10097, 6006, 6021, 10119, 8072, 10129, 10149, 10161, 6068, 6083, 12230, 12232, 2007, 12252, 12260, 6117], '2': [1154, 2179, 2311, 1418, 271, 1039, 25, 1314, 1187, 1581, 2610, 6326, 1604, 2508, 79, 2267, 1501, 2665, 2538, 6127, 120, 123, 4863]}
1981349;1981349;1981349;;;;;;;;;0;0;0;0;{'1': [], '2': []}
20066224;20066224;20066224;;;;;;;;;0;0;0;0;{'1': [], '2': []}
20091441;20091441;20091441;;;16;;;2;;;18;0;0;18;{'1': [5219, 10980, 11300, 4358, 4362, 2091, 1868, 4363, 4347, 7987, 694, 1143, 5273, 4346, 4343, 4318], '2': [4928, 3436]}
2015244;2015244;2015244;;;;;;;;;0;0;0;0;{'1': [], '2': []}
20091953;20091953;20091953;;;;;;;;;0;0;0;0;{'1': [], '2': []}
20125666;20125666;20125666;;;;;;;;;0;0;0;0;{'1': [], '2': []}
20175802;20175802;20175802;;;;540;;;90;;0;630;0;630;{'1': [4522, 6026, 9135, 9044, 1209], '2': [3418]}
20175802;20175802;20175802;;;;540;;;90;;0;630;0;630;{'1': [4522, 6026, 9135, 9044, 1209], '2': [3418]}
20067032;20067032;20067032;;;480;2010;;270;120;;750;2130;0;2880;{'1': [7044, 8583, 2056, 8584, 1169, 7057, 5140, 12447, 2720, 163, 9391, 3506, 3634, 12344, 1210, 9403, 7868, 8265, 6603, 4812, 9806, 5742], '2': [1544, 5458, 3163]}
20006732;20006732;20006732;;;;;;;;;0;0;0;0;{'1': [], '2': []}
20006732;20006732;20006732;;;;;;;;;0;0;0;0;{'1': [], '2': []}
20027260;20027260;20027260;;;;;;;;;0;0;0;0;{'1': [], '2': []}
20083745;20083745;20083745;;;;;;;;;0;0;0;0;{'1': [], '2': []}
20102968;20102968;20102968;;;;;;;;;0;0;0;0;{'1': [], '2': []}
19955147;19955147;19955147;;;;;;;;;0;0;0;0;{'1': [], '2': []}
0;0;0;;;;;;;;;0;0;0;0;{'1': [], '2': []}
53444;53444;53444;;;;;;;;;0;0;0;0;{'1': [], '2': []}
0;0;0;;;;;;;;;0;0;0;0;{'1': [], '2': []}
20058786;20058786;20058786;;;;;;;;;0;0;0;0;{'1': [], '2': []}
20154835;20154835;20154835;;;;;;;;;0;0;0;0;{'1': [], '2': []}
20108845;20108845;20108845;;;;;;;2;;0;2;0;2;{'1': [], '2': [2638]}
20223087;20223087;20223087;;;;;;;;;0;0;0;0;{'1': [], '2': []}
0;0;0;;;;;;;;;0;0;0;0;{'1': [], '2': []}
20194427;20194427;20194427;;;;;;;;;0;0;0;0;{'1': [], '2': []}
53444;53444;53444;;;;;;;;;0;0;0;0;{'1': [], '2': []}
#N/D;#N/D;ND;;;;;;;;;0;0;0;0;{'1': [], '2': []}
19993862;19993862;19993862;;;;;;;;;0;0;0;0;{'1': [], '2': []}
20175246-1;20175246-1;201752461;;;;;;;;;0;0;0;0;{'1': [], '2': []}
#N/D;#N/D;ND;;;;;;;;;0;0;0;0;{'1': [], '2': []}
20234571;20234571;20234571;;;;;;;;;0;0;0;0;{'1': [], '2': []}
19955262;19955262;19955262;;;;;;;;;0;0;0;0;{'1': [], '2': []}
19955608;19955608;19955608;;;;;;;;;0;0;0;0;{'1': [], '2': []}
63654;63654;63654;;;;;;;;;0;0;0;0;{'1': [], '2': []}
1981349-1;1981349-1;19813491;;;;;;;;;0;0;0;0;{'1': [], '2': []}
20157433;20157433;20157433;;;;;;;;;0;0;0;0;{'1': [], '2': []}
20194528-01;20194528-01;2019452801;;;;;;;;;0;0;0;0;{'1': [], '2': []}
19944041;19944041;19944041;;;;;;;;;0;0;0;0;{'1': [], '2': []}
NSC0C55125-13CO;NSC0C55125-13CO;NSC0C5512513CO;;;;;;;;;0;0;0;0;{'1': [], '2': []}
20109428;20109428;20109428;;;;60;;;;;0;60;0;60;{'1': [8275], '2': []}
20234551;20234551;20234551;;;;;;;;;0;0;0;0;{'1': [], '2': []}
20235223;20235223;20235223;;;;;;;;;0;0;0;0;{'1': [], '2': []}
20217175;20217175;20217175;;;;;;;;;0;0;0;0;{'1': [], '2': []}
20234171;20234171;20234171;;;;;;;;;0;0;0;0;{'1': [], '2': []}
20071181-2;20071181-2;200711812;;;;;;;;;0;0;0;0;{'1': [], '2': []}
20071182-3;20071182-3;200711823;;;;;;;;;0;0;0;0;{'1': [], '2': []}
19955262;19955262;19955262;;;;;;;;;0;0;0;0;{'1': [], '2': []}
19955608;19955608;19955608;;;;;;;;;0;0;0;0;{'1': [], '2': []}
63654;63654;63654;;;;;;;;;0;0;0;0;{'1': [], '2': []}
1981349-1;1981349-1;19813491;;;;;;;;;0;0;0;0;{'1': [], '2': []}
20157433;20157433;20157433;;;;;;;;;0;0;0;0;{'1': [], '2': []}
20194528-01;20194528-01;2019452801;;;;;;;;;0;0;0;0;{'1': [], '2': []}
20031822-4;20031822-4;200318224;;;;;;;;;0;0;0;0;{'1': [], '2': []}
20058363;20058363;20058363;;;;;;;;;0;0;0;0;{'1': [], '2': []}
19967652;19967652;19967652;;;;;;;;;0;0;0;0;{'1': [], '2': []}
20054465-1;20054465-1;200544651;;;;;;;;;0;0;0;0;{'1': [], '2': []}
226679-4;226679-4;2266794;;;;;;;;;0;0;0;0;{'1': [], '2': []}
20014490-1;20014490-1;200144901;;;;;;;;;0;0;0;0;{'1': [], '2': []}
56106-3;56106-3;561063;;;;;;;;;0;0;0;0;{'1': [], '2': []}
44969;44969;44969;;;;;;;;;0;0;0;0;{'1': [], '2': []}
227376;227376;227376;;;;;;;;;0;0;0;0;{'1': [], '2': []}
227365;227365;227365;;;;;;;;;0;0;0;0;{'1': [], '2': []}
33037;33037;33037;;;;;;;;;0;0;0;0;{'1': [], '2': []}
20070206;20070206;20070206;;;;;;;;;0;0;0;0;{'1': [], '2': []}
22899-2;22899-2;228992;;;;;;;;;0;0;0;0;{'1': [], '2': []}
33038;33038;33038;;;;;;;;;0;0;0;0;{'1': [], '2': []}
51612;51612;51612;;;;;;;;;0;0;0;0;{'1': [], '2': []}
20133287;20133287;20133287;;;;;;;;;0;0;0;0;{'1': [], '2': []}
20015207;20015207;20015207;;;;;;;;;0;0;0;0;{'1': [], '2': []}
20015216;20015216;20015216;;;;;;;;;0;0;0;0;{'1': [], '2': []}
30051;30051;30051;;;;;;;;;0;0;0;0;{'1': [], '2': []}
20075633;20075633;20075633;;;;;;;;;0;0;0;0;{'1': [], '2': []}
20040082-6;20040082-6;200400826;;;;;;;;;0;0;0;0;{'1': [], '2': []}
42722;42722;42722;;;;;;;;;0;0;0;0;{'1': [], '2': []}
19974623;19974623;19974623;;;;;;;;;0;0;0;0;{'1': [], '2': []}
20001059;20001059;20001059;;;;;;;;;0;0;0;0;{'1': [], '2': []}
20030709;20030709;20030709;;;;;;;;;0;0;0;0;{'1': [], '2': []}
19943015;19943015;19943015;;;;;;;;;0;0;0;0;{'1': [], '2': []}
19943979;19943979;19943979;;;;;;;;;0;0;0;0;{'1': [], '2': []}
20030795;20030795;20030795;;;;;;;;;0;0;0;0;{'1': [], '2': []}
20027645;20027645;20027645;;;;;;;;;0;0;0;0;{'1': [], '2': []}
20009747;20009747;20009747;;;;;;;;;0;0;0;0;{'1': [], '2': []}
19930427;19930427;19930427;;;;30;;;;;0;30;0;30;{'1': [7722], '2': []}
19960116;19960116;19960116;;;;;;;;;0;0;0;0;{'1': [], '2': []}
19974622;19974622;19974622;;;;;;;;;0;0;0;0;{'1': [], '2': []}
20008603;20008603;20008603;;;;;;;;;0;0;0;0;{'1': [], '2': []}
20027702;20027702;20027702;;;;;;;;;0;0;0;0;{'1': [], '2': []}
19930429-6;19930429-6;199304296;;;;;;;;;0;0;0;0;{'1': [], '2': []}
20001113;20001113;20001113;;;;;;;;;0;0;0;0;{'1': [], '2': []}
20018308-6;20018308-6;200183086;;;1560;720;;450;400;;2010;1120;0;3130;{'1': [12482, 2915, 5315, 1381, 8102, 4584, 11242, 5963, 1902, 1391, 3182, 3923, 3924, 9175, 412, 5822], '2': [160, 2297, 3493, 3847, 4232, 3145, 4969, 4108, 4815, 4469, 185, 1372, 2621]}
20029778;20029778;20029778;;;;;;;;;0;0;0;0;{'1': [], '2': []}
19927154;19927154;19927154;;;;;;;;;0;0;0;0;{'1': [], '2': []}
20062852;20062852;20062852;;;;;;;;;0;0;0;0;{'1': [], '2': []}
20029777;20029777;20029777;;;;;;;;;0;0;0;0;{'1': [], '2': []}
20029760;20029760;20029760;;;;;;;;;0;0;0;0;{'1': [], '2': []}
20006244;20006244;20006244;;;;;;;;;0;0;0;0;{'1': [], '2': []}
20143914;20143914;20143914;;;;;;;;;0;0;0;0;{'1': [], '2': []}
20029758;20029758;20029758;;;;;;;;;0;0;0;0;{'1': [], '2': []}
19908543;19908543;19908543;;;;;;;;;0;0;0;0;{'1': [], '2': []}
19908545;19908545;19908545;;;;;;;;;0;0;0;0;{'1': [], '2': []}
19983582;19983582;19983582;;;;;;;;;0;0;0;0;{'1': [], '2': []}
20051082;20051082;20051082;;;;;;;;;0;0;0;0;{'1': [], '2': []}
19943741-1;19943741-1;199437411;;;660;;;270;;;930;0;0;930;{'1': [5041, 9427, 5044, 9431, 11899], '2': [4569, 6572, 4020, 4495]}
20024899;20024899;20024899;;;;;;;;;0;0;0;0;{'1': [], '2': []}
20035350;20035350;20035350;;;;;;;;;0;0;0;0;{'1': [], '2': []}
19983585;19983585;19983585;;;;;;;;;0;0;0;0;{'1': [], '2': []}
20027951;20027951;20027951;;;;;;;;;0;0;0;0;{'1': [], '2': []}
229538;229538;229538;;;;;;;;;0;0;0;0;{'1': [], '2': []}
48539-1;48539-1;485391;;;;;;;;;0;0;0;0;{'1': [], '2': []}
20061730;20061730;20061730;;;;;;;;;0;0;0;0;{'1': [], '2': []}
47792;47792;47792;;;;;;;;;0;0;0;0;{'1': [], '2': []}
40407;40407;40407;;;;;;;;;0;0;0;0;{'1': [], '2': []}
40284-2;40284-2;402842;;;;;;3;;;3;0;0;3;{'1': [], '2': [1744]}
19955370-4;19955370-4;199553704;;;;;;;;;0;0;0;0;{'1': [], '2': []}
19944041;19944041;19944041;;;;;;;;;0;0;0;0;{'1': [], '2': []}
93689;93689;93689;;;;;;;;;0;0;0;0;{'1': [], '2': []}
20014360-4;20014360-4;200143604;;;;;;;;;0;0;0;0;{'1': [], '2': []}
104739;104739;104739;;;;;;;;;0;0;0;0;{'1': [], '2': []}
20032093;20032093;20032093;;;;;;;;;0;0;0;0;{'1': [], '2': []}
20096037;20096037;20096037;;;;;;;;;0;0;0;0;{'1': [], '2': []}
20014730;20014730;20014730;;;;;;;;;0;0;0;0;{'1': [], '2': []}
20142533;20142533;20142533;;;;;;;;;0;0;0;0;{'1': [], '2': []}
20030710-28;20030710-28;2003071028;;;2151;1410;;618;454;;2769;1864;0;4633;{'1': [4864, 11139, 6788, 3077, 8837, 6535, 9351, 9605, 11525, 4750, 11663, 145, 7315, 10263, 2584, 10270, 7583, 7328, 10018, 5414, 4778, 5418, 686, 4783, 7087, 11000, 11185, 2615, 1083, 7739, 2749, 11201, 5699, 10052, 3143, 7623, 1231, 2000, 5330, 2646, 4311, 5206, 5721, 1754, 2272, 1762, 6754, 2277, 4327, 11368, 1641, 12411, 8940, 3566, 7153, 10994, 9844, 4469, 5239, 2040, 9339], '2': [5659, 2462, 5793, 5544, 42, 3246, 3376, 3251, 5686, 5308, 2502, 72, 2504, 6344, 5713, 97, 4582, 5993, 4467, 4343]}
19943740;19943740;19943740;;;;;;;;;0;0;0;0;{'1': [], '2': []}
20015775-8;20015775-8;200157758;;;;;;;;;0;0;0;0;{'1': [], '2': []}
20212115;20212115;20212115;;;;;;;;;0;0;0;0;{'1': [], '2': []}
57692-1;57692-1;576921;;;;;;2;;;2;0;0;2;{'1': [], '2': [1241, 1242]}
2005669-3;2005669-3;20056693;;;;;;;;;0;0;0;0;{'1': [], '2': []}
200640;200640;200640;;;;;;;;;0;0;0;0;{'1': [], '2': []}
20218076;20218076;20218076;;;;;;;;;0;0;0;0;{'1': [], '2': []}
20212115;20212115;20212115;;;;;;;;;0;0;0;0;{'1': [], '2': []}
1981349;1981349;1981349;;;;;;;;;0;0;0;0;{'1': [], '2': []}
0;0;0;;;;;;;;;0;0;0;0;{'1': [], '2': []}
20032011-9;20032011-9;200320119;;;;;;;;;0;0;0;0;{'1': [], '2': []}
NSOC06986-21CO;NSOC06986-21CO;NSOC0698621CO;;;;;;;;;0;0;0;0;{'1': [], '2': []}
20137157;20137157;20137157;;;;;;;;;0;0;0;0;{'1': [], '2': []}
19908041-3;19908041-3;199080413;;;124;;;;;;124;0;0;124;{'1': [8688, 13042, 13043, 1612], '2': []}
20007729-6;20007729-6;200077296;;;;;;;;;0;0;0;0;{'1': [], '2': []}
20154835;20154835;20154835;;;;;;;;;0;0;0;0;{'1': [], '2': []}
RSA00171802022;RSA00171802022;RSA00171802022;;;;;;;;;0;0;0;0;{'1': [], '2': []}
2018DM-001850;2018DM-001850;2018DM001850;;;;;;;;;0;0;0;0;{'1': [], '2': []}
19930311-2;19930311-2;199303112;;;;;;60;;;60;0;0;60;{'1': [], '2': [3995]}
2019RD-0005466;2019RD-0005466;2019RD0005466;;;;;;;;;0;0;0;0;{'1': [], '2': []}
20193080;20193080;20193080;;;;;;;;;0;0;0;0;{'1': [], '2': []}
19993862;19993862;19993862;;;;;;;;;0;0;0;0;{'1': [], '2': []}
20003165-8;20003165-8;200031658;;;;;;;;;0;0;0;0;{'1': [], '2': []}
20015464;20015464;20015464;;;;;;;;;0;0;0;0;{'1': [], '2': []}
20024861;20024861;20024861;;;;;;;;;0;0;0;0;{'1': [], '2': []}
0;0;0;;;;;;;;;0;0;0;0;{'1': [], '2': []}
0;0;0;;;;;;;;;0;0;0;0;{'1': [], '2': []}
170176;170176;170176;;;;;;;;;0;0;0;0;{'1': [], '2': []}
20119940-07;20119940-07;2011994007;;;330;150;;330;180;;660;330;0;990;{'1': [1024, 13313, 12162, 6916, 14468, 10505, 12170, 14474, 2833, 10518, 14616, 6558, 12065, 12322, 10531, 6567, 12071, 13225, 13231, 11954, 14517, 11831, 14519, 11835, 10556, 12094, 14654, 13383, 11466, 12107, 1228, 11896, 13258, 10448, 14673, 13142, 11863, 10588, 12124, 1887, 11871, 11999, 10595, 13156, 14444, 119, 9976, 12025, 10493, 13182], '2': [4871, 6542, 786, 3730, 2068, 1815, 6170, 4895, 672, 5936, 4658, 3642, 1993, 4937, 718, 2002, 725, 2646, 3671, 3800, 862, 2399, 2016, 3040, 1891, 740, 5992, 880, 757, 2041, 763]}
0;0;0;;;;;;;;;0;0;0;0;{'1': [], '2': []}
20135836-7;20135836-7;201358367;;;;;;;;;0;0;0;0;{'1': [], '2': []}
20096059-2;20096059-2;200960592;;;;;;;;;0;0;0;0;{'1': [], '2': []}
NSOC00300-20CO;NSOC00300-20CO;NSOC0030020CO;;;;;;;;;0;0;0;0;{'1': [], '2': []}
45047-2;45047-2;450472;;;;;;;;;0;0;0;0;{'1': [], '2': []}
230417-06;230417-06;23041706;;;;;;;;;0;0;0;0;{'1': [], '2': []}
20178372-1;20178372-1;201783721;;;;;;;;;0;0;0;0;{'1': [], '2': []}
20078798-1;20078798-1;200787981;;;;;;;;;0;0;0;0;{'1': [], '2': []}
19993409-9;19993409-9;199934099;;;90;30;;;60;;90;90;0;180;{'1': [7321, 10610, 5564], '2': [5417, 3652, 4774]}
20072221-3;20072221-3;200722213;;;;;;;;;0;0;0;0;{'1': [], '2': []}
20007636-2;20007636-2;200076362;;;;;;;;;0;0;0;0;{'1': [], '2': []}
2020DM-0021620;2020DM-0021620;2020DM0021620;;;;;;;;;0;0;0;0;{'1': [], '2': []}
2020DM-0021620;2020DM-0021620;2020DM0021620;;;;;;;;;0;0;0;0;{'1': [], '2': []}
2020DM-0021620;2020DM-0021620;2020DM0021620;;;;;;;;;0;0;0;0;{'1': [], '2': []}
2020DM-0021620;2020DM-0021620;2020DM0021620;;;;;;;;;0;0;0;0;{'1': [], '2': []}
2020DM-0021620;2020DM-0021620;2020DM0021620;;;;;;;;;0;0;0;0;{'1': [], '2': []}
2020DM-0021620;2020DM-0021620;2020DM0021620;;;;;;;;;0;0;0;0;{'1': [], '2': []}
2020DM-0021620;2020DM-0021620;2020DM0021620;;;;;;;;;0;0;0;0;{'1': [], '2': []}
2020DM-0021620;2020DM-0021620;2020DM0021620;;;;;;;;;0;0;0;0;{'1': [], '2': []}
2020DM-0021620;2020DM-0021620;2020DM0021620;;;;;;;;;0;0;0;0;{'1': [], '2': []}
2020DM-0021620;2020DM-0021620;2020DM0021620;;;;;;;;;0;0;0;0;{'1': [], '2': []}
2020DM-0021561;2020DM-0021561;2020DM0021561;;;;;;;;;0;0;0;0;{'1': [], '2': []}
2020DM-0021561;2020DM-0021561;2020DM0021561;;;;;;;;;0;0;0;0;{'1': [], '2': []}
2020DM-0021561;2020DM-0021561;2020DM0021561;;;;;;;;;0;0;0;0;{'1': [], '2': []}
2021DM-0007550-R1;2021DM-0007550-R1;2021DM0007550R1;;;;;;;;;0;0;0;0;{'1': [], '2': []}
2021DM-0007550-R1;2021DM-0007550-R1;2021DM0007550R1;;;;;;;;;0;0;0;0;{'1': [], '2': []}
2021DM-0007550-R1;2021DM-0007550-R1;2021DM0007550R1;;;;;;;;;0;0;0;0;{'1': [], '2': []}
2021DM-0007550-R1;2021DM-0007550-R1;2021DM0007550R1;;;;;;;;;0;0;0;0;{'1': [], '2': []}
2021DM-0007550-R1;2021DM-0007550-R1;2021DM0007550R1;;;;;;;;;0;0;0;0;{'1': [], '2': []}
2021DM-0007550-R1;2021DM-0007550-R1;2021DM0007550R1;;;;;;;;;0;0;0;0;{'1': [], '2': []}
2021DM-0007550-R1;2021DM-0007550-R1;2021DM0007550R1;;;;;;;;;0;0;0;0;{'1': [], '2': []}
2021DM-0007550-R1;2021DM-0007550-R1;2021DM0007550R1;;;;;;;;;0;0;0;0;{'1': [], '2': []}
2021DM-0007550-R1;2021DM-0007550-R1;2021DM0007550R1;;;;;;;;;0;0;0;0;{'1': [], '2': []}
2018DM-0018798;2018DM-0018798;2018DM0018798;;;;;;;;;0;0;0;0;{'1': [], '2': []}
2020DM-0021561;2020DM-0021561;2020DM0021561;;;;;;;;;0;0;0;0;{'1': [], '2': []}
2018DM-0018813;2018DM-0018813;2018DM0018813;;;;;;;;;0;0;0;0;{'1': [], '2': []}
2018DM-0018813;2018DM-0018813;2018DM0018813;;;;;;;;;0;0;0;0;{'1': [], '2': []}
2018DM-0018813;2018DM-0018813;2018DM0018813;;;;;;;;;0;0;0;0;{'1': [], '2': []}
2018DM-0018813;2018DM-0018813;2018DM0018813;;;;;;;;;0;0;0;0;{'1': [], '2': []}
2018DM-0018813;2018DM-0018813;2018DM0018813;;;;;;;;;0;0;0;0;{'1': [], '2': []}
19928118-2;19928118-2;199281182;;;;;;;;;0;0;0;0;{'1': [], '2': []}
20178372-1;20178372-1;201783721;;;;;;;;;0;0;0;0;{'1': [], '2': []}
2014-DM000732-R3;2014-DM000732-R3;2014DM000732R3;;;;;;;;;0;0;0;0;{'1': [], '2': []}
0;0;0;;;;;;;;;0;0;0;0;{'1': [], '2': []}
170196;170196;170196;;;;;;;;;0;0;0;0;{'1': [], '2': []}
RSA-0032340-2024;RSA-0032340-2024;RSA00323402024;;;;;;;;;0;0;0;0;{'1': [], '2': []}
RSA-0032334-2024;RSA-0032334-2024;RSA00323342024;;;;;;;;;0;0;0;0;{'1': [], '2': []}
RSA-0020175-2022;RSA-0020175-2022;RSA00201752022;;;;;;;;;0;0;0;0;{'1': [], '2': []}
RSA-0007556-2019;RSA-0007556-2019;RSA00075562019;;;;;;;;;0;0;0;0;{'1': [], '2': []}
20035564;20035564;20035564;;;;;;;;;0;0;0;0;{'1': [], '2': []}
20048393-1;20048393-1;200483931;;;;;;;;;0;0;0;0;{'1': [], '2': []}
19933984;19933984;19933984;;;;;;;;;0;0;0;0;{'1': [], '2': []}
20016868-4;20016868-4;200168684;;;;;;;;;0;0;0;0;{'1': [], '2': []}
20082591-3;20082591-3;200825913;;;;;;;;;0;0;0;0;{'1': [], '2': []}
20060251;20060251;20060251;;;;;;;;;0;0;0;0;{'1': [], '2': []}
20020276-1;20020276-1;200202761;;;;;;;;;0;0;0;0;{'1': [], '2': []}
20137724-1;20137724-1;201377241;;;;;;;;;0;0;0;0;{'1': [], '2': []}
36270-3;36270-3;362703;;;;;;;;;0;0;0;0;{'1': [], '2': []}
20093591-2;20093591-2;200935912;;;;;;;;;0;0;0;0;{'1': [], '2': []}
35134-1;35134-1;351341;;;;;;;;;0;0;0;0;{'1': [], '2': []}
20082410-2;20082410-2;200824102;;;;;;;;;0;0;0;0;{'1': [], '2': []}
20171458-1;20171458-1;201714581;;;;;;;;;0;0;0;0;{'1': [], '2': []}
19908024-3;19908024-3;199080243;;;;;;;;;0;0;0;0;{'1': [], '2': []}
20102025-4;20102025-4;201020254;;;;;;;;;0;0;0;0;{'1': [], '2': []}
20076277-3;20076277-3;200762773;;;25;;;30;;;55;0;0;55;{'1': [4450, 10666, 11258, 5982, 575], '2': [6505, 6475, 3213, 2142]}
19967651-2;19967651-2;199676512;;;;;;;;;0;0;0;0;{'1': [], '2': []}
19967652-3;19967652-3;199676523;;;;;;;;;0;0;0;0;{'1': [], '2': []}
20098801-3;20098801-3;200988013;;;;;;;;;0;0;0;0;{'1': [], '2': []}
19993896-2;19993896-2;199938962;;;;;;;;;0;0;0;0;{'1': [], '2': []}
20066919-2;20066919-2;200669192;;;;;;;;;0;0;0;0;{'1': [], '2': []}
19938305-4;19938305-4;199383054;;;;;;;;;0;0;0;0;{'1': [], '2': []}
19948946-1;19948946-1;199489461;;;;;;;;;0;0;0;0;{'1': [], '2': []}
19983733-3;19983733-3;199837333;;;;;;;;;0;0;0;0;{'1': [], '2': []}
42163-1;42163-1;421631;;;;;;;;;0;0;0;0;{'1': [], '2': []}
19930311-6;19930311-6;199303116;;;;;;;;;0;0;0;0;{'1': [], '2': []}
19988133-1;19988133-1;199881331;;;;;;;;;0;0;0;0;{'1': [], '2': []}
20025916-1;20025916-1;200259161;;;;;;;;;0;0;0;0;{'1': [], '2': []}
20090770-1;20090770-1;200907701;;;;;;;;;0;0;0;0;{'1': [], '2': []}
19931663-2;19931663-2;199316632;;;;;;;;;0;0;0;0;{'1': [], '2': []}
20048393-1;20048393-1;200483931;;;;;;;;;0;0;0;0;{'1': [], '2': []}
19998580-1;19998580-1;199985801;;;;;;;;;0;0;0;0;{'1': [], '2': []}
19988136-1;19988136-1;199881361;;;;;;;;;0;0;0;0;{'1': [], '2': []}
20066634-1;20066634-1;200666341;;;;;;;;;0;0;0;0;{'1': [], '2': []}
20093590-2;20093590-2;200935902;;;;;;;;;0;0;0;0;{'1': [], '2': []}
20026600-2;20026600-2;200266002;;;;;;;;;0;0;0;0;{'1': [], '2': []}
28704-4;28704-4;287044;;;;;;;;;0;0;0;0;{'1': [], '2': []}
228320-1;228320-1;2283201;;;;;;;;;0;0;0;0;{'1': [], '2': []}
29529-2;29529-2;295292;;;;;;;;;0;0;0;0;{'1': [], '2': []}
20104307-3;20104307-3;201043073;;;;;;;;;0;0;0;0;{'1': [], '2': []}
20124004-9;20124004-9;201240049;;;;;;;;;0;0;0;0;{'1': [], '2': []}
20127891-23;20127891-23;2012789123;;;;;;;;;0;0;0;0;{'1': [], '2': []}
20122950-1;20122950-1;201229501;;;;;;;;;0;0;0;0;{'1': [], '2': []}
20112120-1;20112120-1;201121201;;;;;;;;;0;0;0;0;{'1': [], '2': []}
20170551-1;20170551-1;201705511;;;;;;;;;0;0;0;0;{'1': [], '2': []}
20107928-1;20107928-1;201079281;;;;;;;;;0;0;0;0;{'1': [], '2': []}
19992617-4;19992617-4;199926174;;;;;;;;;0;0;0;0;{'1': [], '2': []}
20015346-3;20015346-3;200153463;;;;;;;;;0;0;0;0;{'1': [], '2': []}
19953428-3;19953428-3;199534283;;;;;;;;;0;0;0;0;{'1': [], '2': []}
227035-8;227035-8;2270358;;;;;;;;;0;0;0;0;{'1': [], '2': []}
20117950-1;20117950-1;201179501;;;;;;;;;0;0;0;0;{'1': [], '2': []}
19981181-1;19981181-1;199811811;;;;;;;;;0;0;0;0;{'1': [], '2': []}
20101895-1;20101895-1;201018951;;;;;;;;;0;0;0;0;{'1': [], '2': []}
20087648-1;20087648-1;200876481;;;;;;;;;0;0;0;0;{'1': [], '2': []}
20088052-1;20088052-1;200880521;;;;;;;;;0;0;0;0;{'1': [], '2': []}
20096376-1;20096376-1;200963761;;;;;;;;;0;0;0;0;{'1': [], '2': []}
20062725-5;20062725-5;200627255;;;;;;;;;0;0;0;0;{'1': [], '2': []}
20007778-6;20007778-6;200077786;;;;;;;;;0;0;0;0;{'1': [], '2': []}
20080728-4;20080728-4;200807284;;;;;;;;;0;0;0;0;{'1': [], '2': []}
20112126-5;20112126-5;201121265;;;;;;;;;0;0;0;0;{'1': [], '2': []}
20131283-1;20131283-1;201312831;;;;;;;;;0;0;0;0;{'1': [], '2': []}
20213262-1;20213262-1;202132621;;;;;;;;;0;0;0;0;{'1': [], '2': []}
55156-4;55156-4;551564;;;;;;;;;0;0;0;0;{'1': [], '2': []}
19953021-2;19953021-2;199530212;;;;;;;;;0;0;0;0;{'1': [], '2': []}
20091274-3;20091274-3;200912743;;;;;;;;;0;0;0;0;{'1': [], '2': []}
19946337-1;19946337-1;199463371;;;;;;;;;0;0;0;0;{'1': [], '2': []}
19986854-6;19986854-6;199868546;;;;;;;;;0;0;0;0;{'1': [], '2': []}
20141006-2;20141006-2;201410062;;;;;;;;;0;0;0;0;{'1': [], '2': []}
58931-1;58931-1;589311;;;;;;;;;0;0;0;0;{'1': [], '2': []}
53512-1;53512-1;535121;;;;;;;;;0;0;0;0;{'1': [], '2': []}
19950134-2;19950134-2;199501342;;;;;;;;;0;0;0;0;{'1': [], '2': []}
19950135-2;19950135-2;199501352;;;;;;;;;0;0;0;0;{'1': [], '2': []}
20071649-1;20071649-1;200716491;;;;;;;;;0;0;0;0;{'1': [], '2': []}
19910693-6;19910693-6;199106936;;;;;;;;;0;0;0;0;{'1': [], '2': []}
20093180-1;20093180-1;200931801;;;;;;;;;0;0;0;0;{'1': [], '2': []}
20190631-3;20190631-3;201906313;;;;;;;;;0;0;0;0;{'1': [], '2': []}
20122550-1;20122550-1;201225501;;;;;;;;;0;0;0;0;{'1': [], '2': []}
19975104-3;19975104-3;199751043;;;;;;;;;0;0;0;0;{'1': [], '2': []}
19981554-2;19981554-2;199815542;;;;;;;;;0;0;0;0;{'1': [], '2': []}
46264-1;46264-1;462641;;;;;;;;;0;0;0;0;{'1': [], '2': []}
20137942-1;20137942-1;201379421;;;;;;;;;0;0;0;0;{'1': [], '2': []}
20115050-2;20115050-2;201150502;;;;;;;;;0;0;0;0;{'1': [], '2': []}
20049458-4;20049458-4;200494584;;;;;;;;;0;0;0;0;{'1': [], '2': []}
20094683-3;20094683-3;200946833;;;;;;;;;0;0;0;0;{'1': [], '2': []}
19996986-4;19996986-4;199969864;;;;;;;;;0;0;0;0;{'1': [], '2': []}
37193-2;37193-2;371932;;;;;;;;;0;0;0;0;{'1': [], '2': []}
39227-5;39227-5;392275;;;;;;;;;0;0;0;0;{'1': [], '2': []}
19988126-1;19988126-1;199881261;;;;;;;;;0;0;0;0;{'1': [], '2': []}
19914784-1;19914784-1;199147841;;;;;;;;;0;0;0;0;{'1': [], '2': []}
43731-1;43731-1;437311;;;;;;;;;0;0;0;0;{'1': [], '2': []}
20006016-1;20006016-1;200060161;;;;;;;;;0;0;0;0;{'1': [], '2': []}
20007947-2;20007947-2;200079472;;;;;;;;;0;0;0;0;{'1': [], '2': []}
20094435-1;20094435-1;200944351;;;;;;;;;0;0;0;0;{'1': [], '2': []}
20069399-1;20069399-1;200693991;;;;;;;;;0;0;0;0;{'1': [], '2': []}
20058193-3;20058193-3;200581933;;;;;;;;;0;0;0;0;{'1': [], '2': []}
20096693-1;20096693-1;200966931;;;;;;;;;0;0;0;0;{'1': [], '2': []}
56222-1;56222-1;562221;;;2;;;;;;2;0;0;2;{'1': [5850, 8627], '2': []}
19922943-2;19922943-2;199229432;;;;;;;;;0;0;0;0;{'1': [], '2': []}
19956183-6;19956183-6;199561836;;;;;;;;;0;0;0;0;{'1': [], '2': []}
19945495-2;19945495-2;199454952;;;;;;;;;0;0;0;0;{'1': [], '2': []}
19991710-5;19991710-5;199917105;;;;;;;;;0;0;0;0;{'1': [], '2': []}
19948554;19948554;19948554;;;;;;;;;0;0;0;0;{'1': [], '2': []}
19941996-1;19941996-1;199419961;;;;;;;;;0;0;0;0;{'1': [], '2': []}
140101;140101;140101;;;;;;;;;0;0;0;0;{'1': [], '2': []}
20041201;20041201;20041201;;;;;;;;;0;0;0;0;{'1': [], '2': []}
19936313;19936313;19936313;;;;;;;;;0;0;0;0;{'1': [], '2': []}
52033-4;52033-4;520334;;;;;;;;;0;0;0;0;{'1': [], '2': []}
55839-1;55839-1;558391;;;;;;;;;0;0;0;0;{'1': [], '2': []}
20172873;20172873;20172873;;;;;;;;;0;0;0;0;{'1': [], '2': []}
20119257-13;20119257-13;2011925713;;;;;;;;;0;0;0;0;{'1': [], '2': []}
19978181-38;19978181-38;1997818138;;;;;;;;;0;0;0;0;{'1': [], '2': []}
19966171-1;19966171-1;199661711;;;;;;;;;0;0;0;0;{'1': [], '2': []}
20063548-1;20063548-1;200635481;;;;;;;;;0;0;0;0;{'1': [], '2': []}
20237638;20237638;20237638;;;;;;;;;0;0;0;0;{'1': [], '2': []}
20235360;20235360;20235360;;;5;;;;;;5;0;0;5;{'1': [9819], '2': []}
43442-1;43442-1;434421;;;;;;;;;0;0;0;0;{'1': [], '2': []}
19936412-2;19936412-2;199364122;;;;;;;;;0;0;0;0;{'1': [], '2': []}
20155907-1;20155907-1;201559071;;;;;;;;;0;0;0;0;{'1': [], '2': []}
20028604-02;20028604-02;2002860402;;;;;;;;;0;0;0;0;{'1': [], '2': []}
20010103-2;20010103-2;200101032;;;;;;;;;0;0;0;0;{'1': [], '2': []}
20023655-1;20023655-1;200236551;;;;;;;;;0;0;0;0;{'1': [], '2': []}
20018391-1;20018391-1;200183911;;;;;;;;;0;0;0;0;{'1': [], '2': []}
20056874-2;20056874-2;200568742;;;;;;;;;0;0;0;0;{'1': [], '2': []}
20043156-3;20043156-3;200431563;;;9;;;;;;9;0;0;9;{'1': [2402, 4939, 7390, 1590], '2': []}
170176;170176;170176;;;;;;;;;0;0;0;0;{'1': [], '2': []}
20084120-1;20084120-1;200841201;;;;;;;;;0;0;0;0;{'1': [], '2': []}
20220614-1;20220614-1;202206141;;;;;;;;;0;0;0;0;{'1': [], '2': []}
20103120-21;20103120-21;2010312021;;;;;;;;;0;0;0;0;{'1': [], '2': []}
20070806-4;20070806-4;200708064;;;;;;;;;0;0;0;0;{'1': [], '2': []}
20010103-2;20010103-2;200101032;;;;;;;;;0;0;0;0;{'1': [], '2': []}
20010102-1;20010102-1;200101021;;;;;;;;;0;0;0;0;{'1': [], '2': []}
20024861-10;20024861-10;2002486110;;;;;;;;;0;0;0;0;{'1': [], '2': []}
38692-1;38692-1;386921;;;;;;;;;0;0;0;0;{'1': [], '2': []}
19950940-1;19950940-1;199509401;;;;;;;;;0;0;0;0;{'1': [], '2': []}
20088762-1;20088762-1;200887621;;;;;;;;;0;0;0;0;{'1': [], '2': []}
20085383-15;20085383-15;2008538315;;;;;;;;;0;0;0;0;{'1': [], '2': []}
20057389-2;20057389-2;200573892;;;;;;;;;0;0;0;0;{'1': [], '2': []}
20122982-1;20122982-1;201229821;;;;;;;;;0;0;0;0;{'1': [], '2': []}
