codigo_neg;codigo_negociado;codigo_negociado_norm;codigo_cum;codigo_cum_norm;cantidad_total_1;cantidad_parcial_1;cantidad_pendiente_1;total_entregado_total;total_entregado_parcial;total_pendiente;TOTAL;matched_rows_per_source
19961332;19961332;19961332;;;;;;0;0;0;0;{'1': []}
20175052;20175052;20175052;;;;;;0;0;0;0;{'1': []}
20042602;20042602;20042602;;;;;;0;0;0;0;{'1': []}
20038247;20038247;20038247;;;;;;0;0;0;0;{'1': []}
20192064;20192064;20192064;;;;;;0;0;0;0;{'1': []}
29523-3;29523-3;295233;;;;;;0;0;0;0;{'1': []}
20194751;20194751;20194751;;;;;;0;0;0;0;{'1': []}
20177170;20177170;20177170;;;104;;;104;0;0;104;{'1': [3984, 3531, 886, 2367]}
20047854;20047854;20047854;;;;;;0;0;0;0;{'1': []}
20152619;20152619;20152619;;;;;;0;0;0;0;{'1': []}
20177170;20177170;20177170;;;104;;;104;0;0;104;{'1': [3984, 3531, 886, 2367]}
20030726;20030726;20030726;;;;;;0;0;0;0;{'1': []}
20079776;20079776;20079776;;;4;;;4;0;0;4;{'1': [1977, 2805]}
19942227-2;19942227-2;199422272;;;24;;;24;0;0;24;{'1': [162, 2818, 1028, 1029, 1030, 554, 1994, 1995, 1549, 3374, 3534, 1561]}
20056290-1;20056290-1;200562901;;;;;;0;0;0;0;{'1': []}
19942227-2;19942227-2;199422272;;;24;;;24;0;0;24;{'1': [162, 2818, 1028, 1029, 1030, 554, 1994, 1995, 1549, 3374, 3534, 1561]}
20238691;20238691;20238691;;;90;;;90;0;0;90;{'1': [2665, 993, 2651, 2148]}
19942227-2;19942227-2;199422272;;;24;;;24;0;0;24;{'1': [162, 2818, 1028, 1029, 1030, 554, 1994, 1995, 1549, 3374, 3534, 1561]}
20125878;20125878;20125878;;;;;;0;0;0;0;{'1': []}
0;0;0;;;;;;0;0;0;0;{'1': []}
20103181-11;20103181-11;2010318111;;;710;;;710;0;0;710;{'1': [3301, 2822, 968, 1757, 3306, 1783, 2862, 1906, 1918, 2270, 1589, 919, 2136, 218, 3099, 1756, 29, 126]}
20063548-1;20063548-1;200635481;;;;;;0;0;0;0;{'1': []}
226346-6;226346-6;2263466;;;;;;0;0;0;0;{'1': []}
20097785-17;20097785-17;2009778517;;;1587;;;1587;0;0;1587;{'1': [2179, 2309, 2182, 2185, 3338, 1939, 2196, 1431, 4000, 4001, 2597, 2220, 3501, 3502, 2736, 2867, 1460, 2357, 4023, 2489, 3899, 190, 3135, 2881, 2883, 3525, 3274, 1997, 3917, 2644, 2133, 2135, 3416, 2139, 2405, 2282, 2411, 2299, 2685]}
20012566;20012566;20012566;;;411;;;411;0;0;411;{'1': [2816, 1254, 1992, 3400, 556, 3532, 1550, 3375, 2226, 693, 1558, 2815]}
20003804-1;20003804-1;200038041;;;;;;0;0;0;0;{'1': []}
20049617-8;20049617-8;200496178;;;;;;0;0;0;0;{'1': [2171]}
20032011-6;20032011-6;200320116;;;;;;0;0;0;0;{'1': []}
20019360-2;20019360-2;200193602;;;;;;0;0;0;0;{'1': []}
20112633-1;20112633-1;201126331;;;;;;0;0;0;0;{'1': []}
19988153-1;19988153-1;199881531;;;4;;;4;0;0;4;{'1': [1745, 2079]}
20175802;20175802;20175802;;;;;;0;0;0;0;{'1': []}
20036703;20036703;20036703;;;;;;0;0;0;0;{'1': []}
20175802;20175802;20175802;;;;;;0;0;0;0;{'1': []}
20119309;20119309;20119309;;;;;;0;0;0;0;{'1': []}
20175802;20175802;20175802;;;;;;0;0;0;0;{'1': []}
20125666;20125666;20125666;;;;;;0;0;0;0;{'1': []}
20151082;20151082;20151082;;;;;;0;0;0;0;{'1': []}
20151082;20151082;20151082;;;;;;0;0;0;0;{'1': []}
20099791;20099791;20099791;;;;;;0;0;0;0;{'1': []}
20125666;20125666;20125666;;;;;;0;0;0;0;{'1': []}
20125666;20125666;20125666;;;;;;0;0;0;0;{'1': []}
20175802;20175802;20175802;;;;;;0;0;0;0;{'1': []}
20175802;20175802;20175802;;;;;;0;0;0;0;{'1': []}
20125491;20125491;20125491;;;55410;;;55410;0;0;55410;{'1': [0, 2051, 2053, 4109, 2064, 4113, 4114, 4115, 4120, 26, 55, 61, 65, 66, 77, 2146, 104, 115, 145, 163, 2216, 2232, 2233, 2235, 201, 2249, 210, 211, 212, 215, 219, 233, 2314, 2320, 293, 295, 327, 329, 333, 2383, 337, 338, 2385, 2387, 2388, 343, 344, 2391, 349, 2399, 362, 367, 397, 400, 401, 402, 403, 404, 406, 407, 408, 409, 410, 415, 419, 420, 421, 423, 424, 425, 426, 427, 428, 2477, 429, 431, 2480, 2501, 2507, 2509, 470, 475, 2523, 2543, 2545, 561, 637, 641, 2689, 645, 646, 647, 648, 649, 650, 2700, 653, 654, 655, 2701, 657, 658, 659, 660, 661, 662, 663, 2710, 665, 666, 667, 668, 669, 670, 671, 2723, 2725, 2727, 2733, 2739, 704, 705, 706, 707, 727, 734, 2806, 2829, 787, 788, 789, 790, 791, 792, 793, 794, 795, 796, 797, 798, 799, 801, 803, 804, 805, 806, 807, 808, 809, 826, 854, 856, 2912, 2915, 2916, 2922, 2927, 2938, 2940, 2941, 2945, 2947, 2953, 2958, 2964, 2966, 2967, 2974, 927, 2976, 928, 2975, 2983, 938, 939, 2988, 940, 942, 2992, 944, 945, 946, 947, 949, 951, 952, 953, 3001, 3003, 3005, 961, 969, 974, 975, 988, 992, 1019, 1027, 1045, 1085, 1087, 1089, 1091, 1093, 1094, 1095, 1096, 1097, 1098, 1099, 1100, 1104, 3184, 1146, 3194, 3197, 3200, 3203, 3208, 3210, 3211, 3216, 3218, 1172, 3222, 3224, 1178, 3227, 3229, 1182, 1183, 3239, 3252, 3254, 3259, 3298, 1280, 1281, 1282, 1283, 1285, 1287, 1288, 1289, 1290, 1292, 1293, 1294, 1295, 1296, 1297, 1300, 1311, 1316, 3410, 3411, 3412, 3419, 1379, 1380, 1381, 1384, 1385, 1386, 1387, 3438, 3440, 3442, 3443, 3448, 3454, 3462, 1428, 1448, 1465, 3520, 3563, 1517, 1518, 1520, 3576, 1536, 3584, 3587, 3604, 3616, 3621, 1575, 3632, 3633, 3634, 3635, 3637, 3641, 3644, 1603, 3652, 1606, 3655, 1613, 3661, 1618, 1627, 3677, 3680, 1642, 1643, 1648, 3699, 3703, 1658, 1661, 3714, 1667, 3716, 1677, 1699, 1700, 1719, 3776, 1734, 1735, 3785, 3794, 3805, 3807, 3808, 1762, 3818, 1776, 3837, 1791, 3839, 3842, 3859, 3865, 3872, 3873, 1826, 1830, 3882, 3887, 3893, 3894, 1853, 1854, 1872, 3938, 3953, 3954, 3958, 3963, 3965, 3966, 3967, 3969, 3978, 3985, 3986, 3991, 3994, 3998, 4009, 4012, 1965, 4015, 1970, 4027, 4036, 4045, 4047, 4051, 4052, 4056, 4063, 4065, 2021, 2023, 2029, 2034, 2036, 2037]}
20125491;20125491;20125491;;;55410;;;55410;0;0;55410;{'1': [0, 2051, 2053, 4109, 2064, 4113, 4114, 4115, 4120, 26, 55, 61, 65, 66, 77, 2146, 104, 115, 145, 163, 2216, 2232, 2233, 2235, 201, 2249, 210, 211, 212, 215, 219, 233, 2314, 2320, 293, 295, 327, 329, 333, 2383, 337, 338, 2385, 2387, 2388, 343, 344, 2391, 349, 2399, 362, 367, 397, 400, 401, 402, 403, 404, 406, 407, 408, 409, 410, 415, 419, 420, 421, 423, 424, 425, 426, 427, 428, 2477, 429, 431, 2480, 2501, 2507, 2509, 470, 475, 2523, 2543, 2545, 561, 637, 641, 2689, 645, 646, 647, 648, 649, 650, 2700, 653, 654, 655, 2701, 657, 658, 659, 660, 661, 662, 663, 2710, 665, 666, 667, 668, 669, 670, 671, 2723, 2725, 2727, 2733, 2739, 704, 705, 706, 707, 727, 734, 2806, 2829, 787, 788, 789, 790, 791, 792, 793, 794, 795, 796, 797, 798, 799, 801, 803, 804, 805, 806, 807, 808, 809, 826, 854, 856, 2912, 2915, 2916, 2922, 2927, 2938, 2940, 2941, 2945, 2947, 2953, 2958, 2964, 2966, 2967, 2974, 927, 2976, 928, 2975, 2983, 938, 939, 2988, 940, 942, 2992, 944, 945, 946, 947, 949, 951, 952, 953, 3001, 3003, 3005, 961, 969, 974, 975, 988, 992, 1019, 1027, 1045, 1085, 1087, 1089, 1091, 1093, 1094, 1095, 1096, 1097, 1098, 1099, 1100, 1104, 3184, 1146, 3194, 3197, 3200, 3203, 3208, 3210, 3211, 3216, 3218, 1172, 3222, 3224, 1178, 3227, 3229, 1182, 1183, 3239, 3252, 3254, 3259, 3298, 1280, 1281, 1282, 1283, 1285, 1287, 1288, 1289, 1290, 1292, 1293, 1294, 1295, 1296, 1297, 1300, 1311, 1316, 3410, 3411, 3412, 3419, 1379, 1380, 1381, 1384, 1385, 1386, 1387, 3438, 3440, 3442, 3443, 3448, 3454, 3462, 1428, 1448, 1465, 3520, 3563, 1517, 1518, 1520, 3576, 1536, 3584, 3587, 3604, 3616, 3621, 1575, 3632, 3633, 3634, 3635, 3637, 3641, 3644, 1603, 3652, 1606, 3655, 1613, 3661, 1618, 1627, 3677, 3680, 1642, 1643, 1648, 3699, 3703, 1658, 1661, 3714, 1667, 3716, 1677, 1699, 1700, 1719, 3776, 1734, 1735, 3785, 3794, 3805, 3807, 3808, 1762, 3818, 1776, 3837, 1791, 3839, 3842, 3859, 3865, 3872, 3873, 1826, 1830, 3882, 3887, 3893, 3894, 1853, 1854, 1872, 3938, 3953, 3954, 3958, 3963, 3965, 3966, 3967, 3969, 3978, 3985, 3986, 3991, 3994, 3998, 4009, 4012, 1965, 4015, 1970, 4027, 4036, 4045, 4047, 4051, 4052, 4056, 4063, 4065, 2021, 2023, 2029, 2034, 2036, 2037]}
1981349;1981349;1981349;;;;;;0;0;0;0;{'1': []}
20066224;20066224;20066224;;;;;;0;0;0;0;{'1': []}
20091441;20091441;20091441;;;23;;;23;0;0;23;{'1': [2048, 4, 3467, 1420, 909, 1169, 1953, 3107, 1842, 1843, 2485, 1080, 570, 2518, 984, 3547, 481, 874, 2796, 752, 3060, 3062, 3063]}
2015244;2015244;2015244;;;;;;0;0;0;0;{'1': []}
20091953;20091953;20091953;;;;;;0;0;0;0;{'1': []}
20125666;20125666;20125666;;;;;;0;0;0;0;{'1': []}
20175802;20175802;20175802;;;;;;0;0;0;0;{'1': []}
20175802;20175802;20175802;;;;;;0;0;0;0;{'1': []}
20067032;20067032;20067032;;;;;;0;0;0;0;{'1': []}
20006732;20006732;20006732;;;;;;0;0;0;0;{'1': []}
20006732;20006732;20006732;;;;;;0;0;0;0;{'1': []}
20027260;20027260;20027260;;;;;;0;0;0;0;{'1': []}
20083745;20083745;20083745;;;;;;0;0;0;0;{'1': []}
20102968;20102968;20102968;;;;;;0;0;0;0;{'1': []}
19955147;19955147;19955147;;;;;;0;0;0;0;{'1': []}
0;0;0;;;;;;0;0;0;0;{'1': []}
53444;53444;53444;;;;;;0;0;0;0;{'1': []}
0;0;0;;;;;;0;0;0;0;{'1': []}
20058786;20058786;20058786;;;;;;0;0;0;0;{'1': []}
20154835;20154835;20154835;;;;;;0;0;0;0;{'1': []}
20108845;20108845;20108845;;;6;;;6;0;0;6;{'1': [2865, 866]}
20223087;20223087;20223087;;;;;;0;0;0;0;{'1': []}
0;0;0;;;;;;0;0;0;0;{'1': []}
20194427;20194427;20194427;;;;;;0;0;0;0;{'1': []}
53444;53444;53444;;;;;;0;0;0;0;{'1': []}
#N/D;#N/D;ND;;;;;;0;0;0;0;{'1': []}
19993862;19993862;19993862;;;;;;0;0;0;0;{'1': []}
20175246-1;20175246-1;201752461;;;;;;0;0;0;0;{'1': []}
#N/D;#N/D;ND;;;;;;0;0;0;0;{'1': []}
20234571;20234571;20234571;;;;;;0;0;0;0;{'1': []}
19955262;19955262;19955262;;;;;;0;0;0;0;{'1': []}
19955608;19955608;19955608;;;;;;0;0;0;0;{'1': []}
63654;63654;63654;;;;;;0;0;0;0;{'1': []}
1981349-1;1981349-1;19813491;;;;;;0;0;0;0;{'1': []}
20157433;20157433;20157433;;;;;;0;0;0;0;{'1': []}
20194528-01;20194528-01;2019452801;;;;;;0;0;0;0;{'1': []}
19944041;19944041;19944041;;;;;;0;0;0;0;{'1': []}
NSC0C55125-13CO;NSC0C55125-13CO;NSC0C5512513CO;;;;;;0;0;0;0;{'1': []}
20109428;20109428;20109428;;;;;;0;0;0;0;{'1': [3346, 2359]}
20234551;20234551;20234551;;;;;;0;0;0;0;{'1': []}
20235223;20235223;20235223;;;;;;0;0;0;0;{'1': []}
20217175;20217175;20217175;;;;;;0;0;0;0;{'1': []}
20234171;20234171;20234171;;;;;;0;0;0;0;{'1': []}
20071181-2;20071181-2;200711812;;;;;;0;0;0;0;{'1': []}
20071182-3;20071182-3;200711823;;;;;;0;0;0;0;{'1': []}
19955262;19955262;19955262;;;;;;0;0;0;0;{'1': []}
19955608;19955608;19955608;;;;;;0;0;0;0;{'1': []}
63654;63654;63654;;;;;;0;0;0;0;{'1': []}
1981349-1;1981349-1;19813491;;;;;;0;0;0;0;{'1': []}
20157433;20157433;20157433;;;;;;0;0;0;0;{'1': []}
20194528-01;20194528-01;2019452801;;;;;;0;0;0;0;{'1': []}
20031822-4;20031822-4;200318224;;;;;;0;0;0;0;{'1': []}
20058363;20058363;20058363;;;;;;0;0;0;0;{'1': []}
19967652;19967652;19967652;;;;;;0;0;0;0;{'1': []}
20054465-1;20054465-1;200544651;;;;60;;0;60;0;60;{'1': [3125]}
226679-4;226679-4;2266794;;;;;;0;0;0;0;{'1': []}
20014490-1;20014490-1;200144901;;;;;;0;0;0;0;{'1': []}
56106-3;56106-3;561063;;;;;;0;0;0;0;{'1': []}
44969;44969;44969;;;;;;0;0;0;0;{'1': []}
227376;227376;227376;;;;;;0;0;0;0;{'1': []}
227365;227365;227365;;;;;;0;0;0;0;{'1': []}
33037;33037;33037;;;;;;0;0;0;0;{'1': []}
20070206;20070206;20070206;;;;;;0;0;0;0;{'1': []}
22899-2;22899-2;228992;;;;;;0;0;0;0;{'1': []}
33038;33038;33038;;;;;;0;0;0;0;{'1': []}
51612;51612;51612;;;;;;0;0;0;0;{'1': []}
20133287;20133287;20133287;;;;;;0;0;0;0;{'1': []}
20015207;20015207;20015207;;;;;;0;0;0;0;{'1': []}
20015216;20015216;20015216;;;;;;0;0;0;0;{'1': []}
30051;30051;30051;;;;;;0;0;0;0;{'1': []}
20075633;20075633;20075633;;;;;;0;0;0;0;{'1': []}
20040082-6;20040082-6;200400826;;;;;;0;0;0;0;{'1': []}
42722;42722;42722;;;;;;0;0;0;0;{'1': []}
19974623;19974623;19974623;;;;;;0;0;0;0;{'1': []}
20001059;20001059;20001059;;;;;;0;0;0;0;{'1': []}
20030709;20030709;20030709;;;;;;0;0;0;0;{'1': []}
19943015;19943015;19943015;;;;;;0;0;0;0;{'1': []}
19943979;19943979;19943979;;;;;;0;0;0;0;{'1': []}
20030795;20030795;20030795;;;;;;0;0;0;0;{'1': []}
20027645;20027645;20027645;;;;;;0;0;0;0;{'1': []}
20009747;20009747;20009747;;;;;;0;0;0;0;{'1': []}
19930427;19930427;19930427;;;;;;0;0;0;0;{'1': []}
19960116;19960116;19960116;;;;;;0;0;0;0;{'1': []}
19974622;19974622;19974622;;;;;;0;0;0;0;{'1': []}
20008603;20008603;20008603;;;;;;0;0;0;0;{'1': []}
20027702;20027702;20027702;;;;;;0;0;0;0;{'1': []}
19930429-6;19930429-6;199304296;;;;;;0;0;0;0;{'1': []}
20001113;20001113;20001113;;;;;;0;0;0;0;{'1': []}
20018308-6;20018308-6;200183086;;;;;;0;0;0;0;{'1': []}
20029778;20029778;20029778;;;;;;0;0;0;0;{'1': []}
19927154;19927154;19927154;;;;;;0;0;0;0;{'1': []}
20062852;20062852;20062852;;;;;;0;0;0;0;{'1': []}
20029777;20029777;20029777;;;;;;0;0;0;0;{'1': []}
20029760;20029760;20029760;;;;;;0;0;0;0;{'1': []}
20006244;20006244;20006244;;;;;;0;0;0;0;{'1': []}
20143914;20143914;20143914;;;;;;0;0;0;0;{'1': []}
20029758;20029758;20029758;;;;;;0;0;0;0;{'1': []}
19908543;19908543;19908543;;;;;;0;0;0;0;{'1': []}
19908545;19908545;19908545;;;;;;0;0;0;0;{'1': []}
19983582;19983582;19983582;;;;;;0;0;0;0;{'1': []}
20051082;20051082;20051082;;;;;;0;0;0;0;{'1': []}
19943741-1;19943741-1;199437411;;;1250;;;1250;0;0;1250;{'1': [2080, 2378, 2382, 2555, 543]}
20024899;20024899;20024899;;;;;;0;0;0;0;{'1': []}
20035350;20035350;20035350;;;;;;0;0;0;0;{'1': []}
19983585;19983585;19983585;;;;;;0;0;0;0;{'1': []}
20027951;20027951;20027951;;;;;;0;0;0;0;{'1': []}
229538;229538;229538;;;;;;0;0;0;0;{'1': []}
48539-1;48539-1;485391;;;;;;0;0;0;0;{'1': []}
20061730;20061730;20061730;;;;;;0;0;0;0;{'1': []}
47792;47792;47792;;;;;;0;0;0;0;{'1': []}
40407;40407;40407;;;;;;0;0;0;0;{'1': []}
40284-2;40284-2;402842;;;;;;0;0;0;0;{'1': []}
19955370-4;19955370-4;199553704;;;;;;0;0;0;0;{'1': []}
19944041;19944041;19944041;;;;;;0;0;0;0;{'1': []}
93689;93689;93689;;;;;;0;0;0;0;{'1': []}
20014360-4;20014360-4;200143604;;;;;;0;0;0;0;{'1': []}
104739;104739;104739;;;;;;0;0;0;0;{'1': []}
20032093;20032093;20032093;;;;;;0;0;0;0;{'1': []}
20096037;20096037;20096037;;;;;;0;0;0;0;{'1': []}
20014730;20014730;20014730;;;;;;0;0;0;0;{'1': []}
20142533;20142533;20142533;;;;;;0;0;0;0;{'1': []}
20030710-28;20030710-28;2003071028;;;25;;;25;0;0;25;{'1': [2510]}
19943740;19943740;19943740;;;;;;0;0;0;0;{'1': []}
20015775-8;20015775-8;200157758;;;;;;0;0;0;0;{'1': []}
20212115;20212115;20212115;;;;;;0;0;0;0;{'1': []}
57692-1;57692-1;576921;;;;;;0;0;0;0;{'1': []}
2005669-3;2005669-3;20056693;;;;;;0;0;0;0;{'1': []}
200640;200640;200640;;;;;;0;0;0;0;{'1': []}
20218076;20218076;20218076;;;;;;0;0;0;0;{'1': []}
20212115;20212115;20212115;;;;;;0;0;0;0;{'1': []}
1981349;1981349;1981349;;;;;;0;0;0;0;{'1': []}
0;0;0;;;;;;0;0;0;0;{'1': []}
20032011-9;20032011-9;200320119;;;11;;;11;0;0;11;{'1': [3341, 1235, 1157, 1487]}
NSOC06986-21CO;NSOC06986-21CO;NSOC0698621CO;;;;;;0;0;0;0;{'1': []}
20137157;20137157;20137157;;;;;;0;0;0;0;{'1': []}
19908041-3;19908041-3;199080413;;;;;;0;0;0;0;{'1': []}
20007729-6;20007729-6;200077296;;;;;;0;0;0;0;{'1': []}
20154835;20154835;20154835;;;;;;0;0;0;0;{'1': []}
RSA00171802022;RSA00171802022;RSA00171802022;;;;;;0;0;0;0;{'1': []}
2018DM-001850;2018DM-001850;2018DM001850;;;;;;0;0;0;0;{'1': []}
19930311-2;19930311-2;199303112;;;;;;0;0;0;0;{'1': []}
2019RD-0005466;2019RD-0005466;2019RD0005466;;;;;;0;0;0;0;{'1': []}
20193080;20193080;20193080;;;;;;0;0;0;0;{'1': []}
19993862;19993862;19993862;;;;;;0;0;0;0;{'1': []}
20003165-8;20003165-8;200031658;;;;;;0;0;0;0;{'1': []}
20015464;20015464;20015464;;;;;;0;0;0;0;{'1': []}
20024861;20024861;20024861;;;;;;0;0;0;0;{'1': []}
0;0;0;;;;;;0;0;0;0;{'1': []}
0;0;0;;;;;;0;0;0;0;{'1': []}
170176;170176;170176;;;;;;0;0;0;0;{'1': []}
20119940-07;20119940-07;2011994007;;;;30;;0;30;0;30;{'1': [3140, 1990]}
0;0;0;;;;;;0;0;0;0;{'1': []}
20135836-7;20135836-7;201358367;;;;;;0;0;0;0;{'1': []}
20096059-2;20096059-2;200960592;;;;;;0;0;0;0;{'1': []}
NSOC00300-20CO;NSOC00300-20CO;NSOC0030020CO;;;;;;0;0;0;0;{'1': []}
45047-2;45047-2;450472;;;;;;0;0;0;0;{'1': []}
230417-06;230417-06;23041706;;;;;;0;0;0;0;{'1': []}
20178372-1;20178372-1;201783721;;;;;;0;0;0;0;{'1': []}
20078798-1;20078798-1;200787981;;;;;;0;0;0;0;{'1': []}
19993409-9;19993409-9;199934099;;;;;;0;0;0;0;{'1': []}
20072221-3;20072221-3;200722213;;;;;;0;0;0;0;{'1': []}
20007636-2;20007636-2;200076362;;;;;;0;0;0;0;{'1': []}
2020DM-0021620;2020DM-0021620;2020DM0021620;;;;;;0;0;0;0;{'1': []}
2020DM-0021620;2020DM-0021620;2020DM0021620;;;;;;0;0;0;0;{'1': []}
2020DM-0021620;2020DM-0021620;2020DM0021620;;;;;;0;0;0;0;{'1': []}
2020DM-0021620;2020DM-0021620;2020DM0021620;;;;;;0;0;0;0;{'1': []}
2020DM-0021620;2020DM-0021620;2020DM0021620;;;;;;0;0;0;0;{'1': []}
2020DM-0021620;2020DM-0021620;2020DM0021620;;;;;;0;0;0;0;{'1': []}
2020DM-0021620;2020DM-0021620;2020DM0021620;;;;;;0;0;0;0;{'1': []}
2020DM-0021620;2020DM-0021620;2020DM0021620;;;;;;0;0;0;0;{'1': []}
2020DM-0021620;2020DM-0021620;2020DM0021620;;;;;;0;0;0;0;{'1': []}
2020DM-0021620;2020DM-0021620;2020DM0021620;;;;;;0;0;0;0;{'1': []}
2020DM-0021561;2020DM-0021561;2020DM0021561;;;;;;0;0;0;0;{'1': []}
2020DM-0021561;2020DM-0021561;2020DM0021561;;;;;;0;0;0;0;{'1': []}
2020DM-0021561;2020DM-0021561;2020DM0021561;;;;;;0;0;0;0;{'1': []}
2021DM-0007550-R1;2021DM-0007550-R1;2021DM0007550R1;;;;;;0;0;0;0;{'1': []}
2021DM-0007550-R1;2021DM-0007550-R1;2021DM0007550R1;;;;;;0;0;0;0;{'1': []}
2021DM-0007550-R1;2021DM-0007550-R1;2021DM0007550R1;;;;;;0;0;0;0;{'1': []}
2021DM-0007550-R1;2021DM-0007550-R1;2021DM0007550R1;;;;;;0;0;0;0;{'1': []}
2021DM-0007550-R1;2021DM-0007550-R1;2021DM0007550R1;;;;;;0;0;0;0;{'1': []}
2021DM-0007550-R1;2021DM-0007550-R1;2021DM0007550R1;;;;;;0;0;0;0;{'1': []}
2021DM-0007550-R1;2021DM-0007550-R1;2021DM0007550R1;;;;;;0;0;0;0;{'1': []}
2021DM-0007550-R1;2021DM-0007550-R1;2021DM0007550R1;;;;;;0;0;0;0;{'1': []}
2021DM-0007550-R1;2021DM-0007550-R1;2021DM0007550R1;;;;;;0;0;0;0;{'1': []}
2018DM-0018798;2018DM-0018798;2018DM0018798;;;;;;0;0;0;0;{'1': []}
2020DM-0021561;2020DM-0021561;2020DM0021561;;;;;;0;0;0;0;{'1': []}
2018DM-0018813;2018DM-0018813;2018DM0018813;;;;;;0;0;0;0;{'1': []}
2018DM-0018813;2018DM-0018813;2018DM0018813;;;;;;0;0;0;0;{'1': []}
2018DM-0018813;2018DM-0018813;2018DM0018813;;;;;;0;0;0;0;{'1': []}
2018DM-0018813;2018DM-0018813;2018DM0018813;;;;;;0;0;0;0;{'1': []}
2018DM-0018813;2018DM-0018813;2018DM0018813;;;;;;0;0;0;0;{'1': []}
19928118-2;19928118-2;199281182;;;;;;0;0;0;0;{'1': []}
20178372-1;20178372-1;201783721;;;;;;0;0;0;0;{'1': []}
2014-DM000732-R3;2014-DM000732-R3;2014DM000732R3;;;;;;0;0;0;0;{'1': []}
0;0;0;;;;;;0;0;0;0;{'1': []}
170196;170196;170196;;;;;;0;0;0;0;{'1': []}
RSA-0032340-2024;RSA-0032340-2024;RSA00323402024;;;;;;0;0;0;0;{'1': []}
RSA-0032334-2024;RSA-0032334-2024;RSA00323342024;;;;;;0;0;0;0;{'1': []}
RSA-0020175-2022;RSA-0020175-2022;RSA00201752022;;;;;;0;0;0;0;{'1': []}
RSA-0007556-2019;RSA-0007556-2019;RSA00075562019;;;;;;0;0;0;0;{'1': []}
20035564;20035564;20035564;;;;;;0;0;0;0;{'1': []}
20048393-1;20048393-1;200483931;;;;;;0;0;0;0;{'1': []}
19933984;19933984;19933984;;;;;;0;0;0;0;{'1': []}
20016868-4;20016868-4;200168684;;;;;;0;0;0;0;{'1': []}
20082591-3;20082591-3;200825913;;;;;;0;0;0;0;{'1': []}
20060251;20060251;20060251;;;;;;0;0;0;0;{'1': []}
20020276-1;20020276-1;200202761;;;;;;0;0;0;0;{'1': []}
20137724-1;20137724-1;201377241;;;;;;0;0;0;0;{'1': []}
36270-3;36270-3;362703;;;;;;0;0;0;0;{'1': []}
20093591-2;20093591-2;200935912;;;;;;0;0;0;0;{'1': []}
35134-1;35134-1;351341;;;;;;0;0;0;0;{'1': []}
20082410-2;20082410-2;200824102;;;;;;0;0;0;0;{'1': []}
20171458-1;20171458-1;201714581;;;;;;0;0;0;0;{'1': []}
19908024-3;19908024-3;199080243;;;;;;0;0;0;0;{'1': []}
20102025-4;20102025-4;201020254;;;;;;0;0;0;0;{'1': []}
20076277-3;20076277-3;200762773;;;16;;;16;0;0;16;{'1': [2968, 2011, 2046, 1479]}
19967651-2;19967651-2;199676512;;;;;;0;0;0;0;{'1': []}
19967652-3;19967652-3;199676523;;;;;;0;0;0;0;{'1': []}
20098801-3;20098801-3;200988013;;;;;;0;0;0;0;{'1': []}
19993896-2;19993896-2;199938962;;;;;;0;0;0;0;{'1': []}
20066919-2;20066919-2;200669192;;;;;;0;0;0;0;{'1': []}
19938305-4;19938305-4;199383054;;;;;;0;0;0;0;{'1': []}
19948946-1;19948946-1;199489461;;;;;;0;0;0;0;{'1': []}
19983733-3;19983733-3;199837333;;;;;;0;0;0;0;{'1': []}
42163-1;42163-1;421631;;;;;;0;0;0;0;{'1': []}
19930311-6;19930311-6;199303116;;;;;;0;0;0;0;{'1': []}
19988133-1;19988133-1;199881331;;;;;;0;0;0;0;{'1': []}
20025916-1;20025916-1;200259161;;;;;;0;0;0;0;{'1': []}
20090770-1;20090770-1;200907701;;;;;;0;0;0;0;{'1': []}
19931663-2;19931663-2;199316632;;;;;;0;0;0;0;{'1': []}
20048393-1;20048393-1;200483931;;;;;;0;0;0;0;{'1': []}
19998580-1;19998580-1;199985801;;;;;;0;0;0;0;{'1': []}
19988136-1;19988136-1;199881361;;;;;;0;0;0;0;{'1': []}
20066634-1;20066634-1;200666341;;;;;;0;0;0;0;{'1': []}
20093590-2;20093590-2;200935902;;;;;;0;0;0;0;{'1': []}
20026600-2;20026600-2;200266002;;;;;;0;0;0;0;{'1': []}
28704-4;28704-4;287044;;;;;;0;0;0;0;{'1': []}
228320-1;228320-1;2283201;;;;;;0;0;0;0;{'1': []}
29529-2;29529-2;295292;;;;;;0;0;0;0;{'1': []}
20104307-3;20104307-3;201043073;;;;;;0;0;0;0;{'1': []}
20124004-9;20124004-9;201240049;;;;;;0;0;0;0;{'1': []}
20127891-23;20127891-23;2012789123;;;;;;0;0;0;0;{'1': []}
20122950-1;20122950-1;201229501;;;;;;0;0;0;0;{'1': []}
20112120-1;20112120-1;201121201;;;;;;0;0;0;0;{'1': []}
20170551-1;20170551-1;201705511;;;;;;0;0;0;0;{'1': []}
20107928-1;20107928-1;201079281;;;;;;0;0;0;0;{'1': []}
19992617-4;19992617-4;199926174;;;;;;0;0;0;0;{'1': []}
20015346-3;20015346-3;200153463;;;;;;0;0;0;0;{'1': []}
19953428-3;19953428-3;199534283;;;;;;0;0;0;0;{'1': []}
227035-8;227035-8;2270358;;;;;;0;0;0;0;{'1': []}
20117950-1;20117950-1;201179501;;;;;;0;0;0;0;{'1': []}
19981181-1;19981181-1;199811811;;;;;;0;0;0;0;{'1': []}
20101895-1;20101895-1;201018951;;;;;;0;0;0;0;{'1': []}
20087648-1;20087648-1;200876481;;;;;;0;0;0;0;{'1': []}
20088052-1;20088052-1;200880521;;;;;;0;0;0;0;{'1': []}
20096376-1;20096376-1;200963761;;;;;;0;0;0;0;{'1': []}
20062725-5;20062725-5;200627255;;;;;;0;0;0;0;{'1': []}
20007778-6;20007778-6;200077786;;;;;;0;0;0;0;{'1': []}
20080728-4;20080728-4;200807284;;;;;;0;0;0;0;{'1': []}
20112126-5;20112126-5;201121265;;;;;;0;0;0;0;{'1': []}
20131283-1;20131283-1;201312831;;;;;;0;0;0;0;{'1': []}
20213262-1;20213262-1;202132621;;;;;;0;0;0;0;{'1': []}
55156-4;55156-4;551564;;;;;;0;0;0;0;{'1': []}
19953021-2;19953021-2;199530212;;;;;;0;0;0;0;{'1': []}
20091274-3;20091274-3;200912743;;;;;;0;0;0;0;{'1': []}
19946337-1;19946337-1;199463371;;;;;;0;0;0;0;{'1': []}
19986854-6;19986854-6;199868546;;;;;;0;0;0;0;{'1': []}
20141006-2;20141006-2;201410062;;;;;;0;0;0;0;{'1': []}
58931-1;58931-1;589311;;;;;;0;0;0;0;{'1': []}
53512-1;53512-1;535121;;;;;;0;0;0;0;{'1': []}
19950134-2;19950134-2;199501342;;;;;;0;0;0;0;{'1': []}
19950135-2;19950135-2;199501352;;;;;;0;0;0;0;{'1': []}
20071649-1;20071649-1;200716491;;;;;;0;0;0;0;{'1': []}
19910693-6;19910693-6;199106936;;;18;;;18;0;0;18;{'1': [2584, 2588, 3350]}
20093180-1;20093180-1;200931801;;;;;;0;0;0;0;{'1': []}
20190631-3;20190631-3;201906313;;;;;;0;0;0;0;{'1': []}
20122550-1;20122550-1;201225501;;;;;;0;0;0;0;{'1': []}
19975104-3;19975104-3;199751043;;;;;;0;0;0;0;{'1': []}
19981554-2;19981554-2;199815542;;;;;;0;0;0;0;{'1': []}
46264-1;46264-1;462641;;;;;;0;0;0;0;{'1': []}
20137942-1;20137942-1;201379421;;;;;;0;0;0;0;{'1': []}
20115050-2;20115050-2;201150502;;;;;;0;0;0;0;{'1': []}
20049458-4;20049458-4;200494584;;;;;;0;0;0;0;{'1': []}
20094683-3;20094683-3;200946833;;;;;;0;0;0;0;{'1': []}
19996986-4;19996986-4;199969864;;;;;;0;0;0;0;{'1': []}
37193-2;37193-2;371932;;;;;;0;0;0;0;{'1': []}
39227-5;39227-5;392275;;;;;;0;0;0;0;{'1': []}
19988126-1;19988126-1;199881261;;;;;;0;0;0;0;{'1': []}
19914784-1;19914784-1;199147841;;;;;;0;0;0;0;{'1': []}
43731-1;43731-1;437311;;;;;;0;0;0;0;{'1': []}
20006016-1;20006016-1;200060161;;;;;;0;0;0;0;{'1': []}
20007947-2;20007947-2;200079472;;;;;;0;0;0;0;{'1': []}
20094435-1;20094435-1;200944351;;;;;;0;0;0;0;{'1': []}
20069399-1;20069399-1;200693991;;;;;;0;0;0;0;{'1': []}
20058193-3;20058193-3;200581933;;;;;;0;0;0;0;{'1': []}
20096693-1;20096693-1;200966931;;;;;;0;0;0;0;{'1': []}
56222-1;56222-1;562221;;;;;;0;0;0;0;{'1': []}
19922943-2;19922943-2;199229432;;;;;;0;0;0;0;{'1': []}
19956183-6;19956183-6;199561836;;;;;;0;0;0;0;{'1': []}
19945495-2;19945495-2;199454952;;;;;;0;0;0;0;{'1': []}
19991710-5;19991710-5;199917105;;;;;;0;0;0;0;{'1': []}
19948554;19948554;19948554;;;;;;0;0;0;0;{'1': []}
19941996-1;19941996-1;199419961;;;;;;0;0;0;0;{'1': []}
140101;140101;140101;;;;;;0;0;0;0;{'1': []}
20041201;20041201;20041201;;;;;;0;0;0;0;{'1': []}
19936313;19936313;19936313;;;;;;0;0;0;0;{'1': []}
52033-4;52033-4;520334;;;;;;0;0;0;0;{'1': []}
55839-1;55839-1;558391;;;;;;0;0;0;0;{'1': []}
20172873;20172873;20172873;;;;;;0;0;0;0;{'1': []}
20119257-13;20119257-13;2011925713;;;;;;0;0;0;0;{'1': []}
19978181-38;19978181-38;1997818138;;;;;;0;0;0;0;{'1': [3371]}
19966171-1;19966171-1;199661711;;;;;;0;0;0;0;{'1': []}
20063548-1;20063548-1;200635481;;;;;;0;0;0;0;{'1': []}
20237638;20237638;20237638;;;;;;0;0;0;0;{'1': []}
20235360;20235360;20235360;;;36;;;36;0;0;36;{'1': [1522, 987, 2871]}
43442-1;43442-1;434421;;;;;;0;0;0;0;{'1': []}
19936412-2;19936412-2;199364122;;;;;;0;0;0;0;{'1': []}
20155907-1;20155907-1;201559071;;;;;;0;0;0;0;{'1': []}
20028604-02;20028604-02;2002860402;;;;;;0;0;0;0;{'1': []}
20010103-2;20010103-2;200101032;;;;;;0;0;0;0;{'1': []}
20023655-1;20023655-1;200236551;;;;;;0;0;0;0;{'1': []}
20018391-1;20018391-1;200183911;;;;;;0;0;0;0;{'1': []}
20056874-2;20056874-2;200568742;;;;;;0;0;0;0;{'1': []}
20043156-3;20043156-3;200431563;;;;;;0;0;0;0;{'1': []}
170176;170176;170176;;;;;;0;0;0;0;{'1': []}
20084120-1;20084120-1;200841201;;;240;;;240;0;0;240;{'1': [1825, 3993, 2305, 3102]}
20220614-1;20220614-1;202206141;;;;;;0;0;0;0;{'1': []}
20103120-21;20103120-21;2010312021;;;;;;0;0;0;0;{'1': []}
20070806-4;20070806-4;200708064;;;;;;0;0;0;0;{'1': []}
20010103-2;20010103-2;200101032;;;;;;0;0;0;0;{'1': []}
20010102-1;20010102-1;200101021;;;;;;0;0;0;0;{'1': []}
20024861-10;20024861-10;2002486110;;;;;;0;0;0;0;{'1': []}
38692-1;38692-1;386921;;;;;;0;0;0;0;{'1': []}
19950940-1;19950940-1;199509401;;;;;;0;0;0;0;{'1': []}
20088762-1;20088762-1;200887621;;;;;;0;0;0;0;{'1': []}
20085383-15;20085383-15;2008538315;;;;;;0;0;0;0;{'1': []}
20057389-2;20057389-2;200573892;;;;;;0;0;0;0;{'1': []}
20122982-1;20122982-1;201229821;;;;;;0;0;0;0;{'1': []}
